         w __deregister_frame_info
         w __register_frame_info
         w userAppExit
         w userAppInit
00000000 00000802 B __ctru_dev_utf16_buf
00000000 a shift
00000000 a shift
00000000 A __sync_synchronize
00000000 b _TLS_MODULE_BASE_
00000804 00000401 B __ctru_dev_path_buf
00100000 A __start__
00100000 T _start
00100008 T __service_ptr
0010000c T __apt_appid
00100010 T __heap_size
00100014 T __linear_heap_size
00100018 T __system_arglist
0010001c T __system_runflags
00100020 t startup
00100058 t ClearMem
0010006c t ClrLoop
00100094 T _init
001000ac T __aeabi_uidiv
001000ac 000001ec T __udivsi3
001000ac t .udivsi3_skip_div0_test
00100298 00000020 T __aeabi_uidivmod
001002b8 T __aeabi_idiv
001002b8 00000220 T __divsi3
001002c0 t .divsi3_skip_div0_test
001004d8 00000020 T __aeabi_idivmod
001004f8 00000004 W __aeabi_idiv0
001004f8 00000004 W __aeabi_ldiv0
001004fc T __aeabi_drsub
00100504 000002b0 T __aeabi_dsub
00100504 000002b0 T __subdf3
00100508 000002ac T __adddf3
00100508 000002ac T __aeabi_dadd
001007b4 00000024 T __aeabi_ui2d
001007b4 00000024 T __floatunsidf
001007d8 00000028 T __aeabi_i2d
001007d8 00000028 T __floatsidf
00100800 00000048 T __aeabi_f2d
00100800 00000048 T __extendsfdf2
00100848 00000074 T __aeabi_ul2d
00100848 00000074 T __floatundidf
0010085c 00000060 T __aeabi_l2d
0010085c 00000060 T __floatdidf
001008bc T __aeabi_ldivmod
00100990 T __aeabi_uldivmod
001009e8 00000390 T strcmp
00100d70 t __do_global_dtors_aux
00100dc0 t frame_dummy
00100dec 000001c8 T main
00100fb4 000000cc t sqlite3LookasideUsed
00101080 0000009c t computeFloor
0010111c 00000054 t vfsUnlink
00101170 00000008 t sqlite3MemSize
00101178 0000000c t sqlite3MemRoundup
00101184 00000008 t sqlite3MemInit
0010118c 0000003c t sqlite3RecordErrorOffsetOfExpr
001011c8 000000a4 t sqlite3Utf8Read
0010126c 0000006c t sqlite3Dequote
001012d8 00000068 t sqlite3DequoteToken
00101340 0000004c t sqlite3StrICmp
0010138c 000000e4 t dekkerMul2
00101470 00000960 t sqlite3AtoF
00101dd0 00000318 t sqlite3Atoi64
001020e8 000001b4 t sqlite3GetInt32
0010229c 000000a8 t sqlite3GetUInt32
00102344 000000bc t putVarint64
00102400 000001a8 t sqlite3GetVarint
001025a8 0000007c t fileHasMoved
00102624 000000b0 t unixFileLock
001026d4 0000000c t nolockCheckReservedLock
001026e0 00000010 t unixFetch
001026f0 00000008 t unixUnfetch
001026f8 0000000c t posixIoFinderImpl
00102704 0000000c t nolockIoFinderImpl
00102710 0000000c t dotlockIoFinderImpl
0010271c 000000d4 t findReusableFd
001027f0 00000024 t memdbTruncate
00102814 00000018 t memdbFileSize
0010282c 0000009c t memdbLock
001028c8 00000054 t memdbUnlock
0010291c 0000000c t memdbDeviceCharacteristics
00102928 0000005c t memdbFetch
00102984 0000001c t memdbUnfetch
001029a0 0000000c t memdbAccess
001029ac 0000000c t memdbDlOpen
001029b8 0000000c t memdbDlError
001029c4 0000000c t memdbDlSym
001029d0 0000000c t memdbDlClose
001029dc 0000000c t memdbRandomness
001029e8 0000000c t memdbSleep
001029f4 0000000c t memdbGetLastError
00102a00 0000000c t memdbCurrentTimeInt64
00102a0c 000000d8 t sqlite3BitvecTestNotNull
00102ae4 000000bc t pcacheManageDirtyList
00102ba0 000000c8 t sqlite3PcacheSetPageSize
00102c68 00000060 t sqlite3PcacheDrop
00102cc8 000000a4 t sqlite3PcacheMove
00102d6c 00000008 t pcache1Pagecount
00102d74 0000007c t pcache1Rekey
00102df0 0000009c t rowSetEntryMerge
00102e8c 00000090 t rowSetNDeepTree
00102f1c 00000090 t pagerLockDb
00102fb0 00000088 t pagerPagecount
00103038 000000d0 t sqlite3PagerSetFlags
00103108 00000010 t getPageError
00103118 00000098 t querySharedCacheTableLock
001031b0 00000030 t btreeParseCellPtrNoPayload
001031e0 0000009c t cellSizePtr
0010327c 000000b0 t cellSizePtrIdxLeaf
0010332c 0000002c t cellSizePtrNoPayload
00103358 00000130 t cellSizePtrTableLeaf
00103488 00000074 t btreeGetPage
001034fc 0000002c t computeCellSize
00103528 00000054 t btreeHeapInsert
0010357c 00000110 t sqlite3VdbeMemZeroTerminateIfAble
00103690 00000038 t memIntValue
001036c8 00000038 t memRealValue
00103700 000000c8 t sqlite3VdbeIntegerAffinity
001037c8 00000040 t sqlite3VdbeUsesBtree
00103808 00000014 t sqlite3VdbeFrameMemDel
0010381c 00000054 t serialGet7
00103870 000001ac t sqlite3VdbeSerialGet
00103a1c 000000b8 t vdbeSorterMerge
00103ad4 00000014 t memjrnlFileSize
00103ae8 00000004 t sqlite3WalkWinDefnDummyCallback
00103aec 00000018 t sqlite3WalkerDepthIncrease
00103b04 00000010 t sqlite3WalkerDepthDecrease
00103b14 00000020 t incrAggDepth
00103b34 00000010 t gatherSelectWindowsSelectCallback
00103b44 00000014 t sqlite3SelectWalkFail
00103b58 000000a4 t sqlite3ExprSimplifiedAndOr
00103bfc 00000020 t exprSelectWalkTableConstant
00103c1c 000000ac t sqlite3ExprCanBeNull
00103cc8 000000d0 t sqlite3ExprNeedsNoAffinityChange
00103d98 00000060 t setDoNotMergeFlagOnCopy
00103df8 00000030 t selectRefLeave
00103e28 00000074 t renameUnmapExprCb
00103e9c 000003a8 t sqlite3AffinityType
00104244 0000010c t sqlite3ExprAffinity
00104350 00000158 t sqlite3ExprDataType
001044a8 000000a0 t recomputeColumnsNotIndexed
00104548 00000094 t sqlite3SrcListAssignCursors
001045dc 00000078 t kahanBabuskaNeumaierStep
00104658 0000015c t pragmaVtabBestIndex
001047b4 00000010 t pragmaVtabEof
001047c4 00000014 t pragmaVtabRowid
001047d8 00000090 t sqlite3SetJoinExpr
00104868 000000e0 t unsetJoinExpr
00104948 000000d0 t srclistRenumberCursors
00104a18 00000040 t sqlite3SelectPopWith
00104a58 00000078 t aggregateIdxEprRefToColCallback
00104ad0 00000028 t sqlite3ReturningSubqueryVarSelect
00104af8 0000005c t sqlite3ReturningSubqueryCorrelated
00104b54 000000b0 t disableTerm
00104c04 0000010c t whereLoopCheaperProperSubset
00104d10 00000134 t whereLoopFindLesser
00104e44 000001c8 t wherePathMatchSubqueryOB
00105010 0000009c t whereInterstageHeuristic
001050ac 000000a4 t whereCheckIfBloomFilterIsUseful
00105150 000000a4 t whereReverseScanOrder
001051f4 00000004 t noopStepFunc
001051f8 00000024 t sqlite3TestExtInit
0010521c 0000007c t sqliteDefaultBusyCallback
00105298 0000006c t jsonHexToInt4
00105304 0000022c t json5Whitespace
00105530 00000188 t jsonbPayloadSize
001056b8 00000084 t jsonbArrayCount
0010573c 00000308 t jsonUnescapeOneChar
00105a44 00000018 t jsonEachEof
00105a5c 00000014 t jsonEachRowid
00105a70 00000164 t jsonEachBestIndex
00105bd4 0000013c t pager_truncate
00105d10 00000114 t rowSetEntrySort
00105e24 00000014 t pcache1Shutdown
00105e38 00000064 t pcache1Init
00105e9c 0000008c t memdbRead
00105f28 00000134 t memjrnlRead
0010605c 00000130 t sqlite3BitvecClear
0010618c 000000b0 t sqlite3DefaultRowEst
0010623c 000000e0 t vdbePmaWriteBlob
0010631c 0000008c t unixNextSystemCall
001063a8 00000058 t unixGetSystemCall
00106400 000000b8 t unixSetSystemCall
001064b8 00000118 t getDigits
001065d0 00000010 t unixGetLastError
001065e0 000000c8 t unixCheckReservedLock
001066a8 00000004 t posixOpen
001066ac 0000009c t seekAndWriteFd
00106748 000000a4 t unixWrite
001067ec 0000009c t unixCurrentTimeInt64
00106888 00000064 t unixSleep
001068ec 000000f0 t sqlite3BlobCompare
001069dc 0000003c t binCollFunc
00106a18 000000a0 t rtrimCollFunc
00106ab8 00000050 t getCellInfo
00106b08 000000ac t sqlite3ProgressCheck
00106bb4 000000a8 t checkProgress
00106c5c 00000130 t sqlite3DecOrHexToI64
00106d8c 00000068 t sqlite3VListNameToNum
00106df4 0000045c t patternCompare
00107250 00000008 t sqlite3MemFree
00107258 00000088 t sqlite3OsCurrentTimeInt64
001072e0 000000d0 t invokeProfileCallback
001073b0 00000074 T sqlite3_free
00107424 00000030 t sqlite3RCStrUnref
00107454 000000e8 t memdbClose
0010753c 0000002c t memjrnlClose
00107568 000000b4 t vdbePmaWriterFinish
0010761c 0000004c t sqlite3SystemError
00107668 00000090 t sqlite3GetVarint32
001076f8 00000074 t sqlite3LogEstAdd
0010776c 00000078 t insertElement
001077e4 0000005c t dotlockCheckReservedLock
00107840 00000034 t unixDeviceCharacteristics
00107874 000000a4 t unixAccess
00107918 000000b4 t pcache1Free
001079cc 0000009c t setSectorSize
00107a68 000000f8 t memjrnlTruncate.part.0
00107b60 0000002c t memjrnlTruncate
00107b8c 000000e4 t exprRefToSrcList
00107c70 00000068 t sqlite3GetTempRange
00107cd8 000000a0 t exprIdxCover
00107d78 0000006c t sqlite3TableColumnToStorage.part.0
00107de4 00000060 t setAllPagerFlags.part.0
00107e44 0000002c t sqlite3SchemaToIndex.part.0
00107e70 0000008c t adjustOrderByCol.part.0
00107efc 000000e4 t jsonAppendControlChar
00107fe0 00000040 t sqlite3OomClear
00108020 0000019c t computeYMD.part.0
001081c0 00000288 t computeJD.part.0
00108448 000000c4 t computeHMS.part.0
0010850c 00000054 t computeYMD_HMS
00108560 00000088 t dotlockUnlock
001085e8 00000078 t unixFileSize
00108660 00000168 t unixRead
001087c8 0000015c t sqlite3Malloc
00108924 00000038 t sqlite3MallocZero
0010895c 000000e8 t pcache1Alloc
00108a44 00000058 t allocateTempSpace
00108a9c 00000184 t vdbePmaReaderSeek
00108c20 00000298 t setupLookaside
00108eb8 00000160 t sqlite3Realloc
00109018 0000014c t memdbWrite
00109164 000001ec t vdbePmaReadBlob
00109350 000001b0 t memdbOpen
00109500 00000078 t sqlite3_strnicmp.part.0
00109578 00000008 t sqlite3SelectWalkNoop
00109580 000000dc t vdbePmaReadVarint.constprop.0
0010965c 00000158 t keywordCode.constprop.0
001097b4 000007d4 t sqlite3GetToken
00109f88 00000090 t getToken
0010a018 0000013c t identPut
0010a154 00000008 t memjrnlSync
0010a160 00000240 t parseHhMmSs
0010a3a0 0000003c t resolveRemoveWindowsCb
0010a3dc 00000028 t sqlite3WindowExtraAggFuncDepth
0010a404 00000030 t exprNodeIsDeterministic
0010a434 00000058 t checkConstraintExprNode
0010a48c 00000048 t exprColumnFlagUnion
0010a4d8 000000a0 t sqlite3VdbeIntValue
0010a578 00000038 t whereLoopIsNoBetter.isra.0
0010a5b0 00000084 t columnIsGoodIndexCandidate.isra.0
0010a634 000000b0 t translateColumnToCopy.isra.0
0010a6e4 00000110 t whereOrInsert.isra.0
0010a7f4 00000098 t sqlite3SrcListShiftJoinType.isra.0
0010a88c 00000044 t sqlite3ColumnColl.isra.0
0010a8d0 00000040 t sqlite3ColumnExpr.isra.0
0010a910 00000084 t sqlite3ExprColUsed.isra.0
0010a994 00000070 t recomputeColumnsUsedExpr
0010aa04 000000bc t filterHash.isra.0
0010aac0 00000058 t sqlite3VdbeEnter.isra.0
0010ab18 0000003c t sqlite3VdbeReusable.isra.0
0010ab58 00000150 t sqlite3VdbeMemNumerify.isra.0
0010aca8 0000007c t indexCellCompare.isra.0
0010ad24 00000048 t sqlite3BtreeSetAutoVacuum.isra.0
0010ad6c 0000009c t sqlite3BtreeSetSpillSize.isra.0
0010ae08 0000007c t sqlite3BtreeSetCacheSize.isra.0
0010ae84 00000068 t btreeParseCellAdjustSizeForOverflow.isra.0
0010aeec 000000c0 t btreeParseCellPtrIndex
0010afac 000001d0 t btreeParseCellPtr
0010b17c 00000078 t sqlite3PcacheRelease
0010b1f4 000000a4 t setDateTimeToCurrent.isra.0
0010b298 00000008 t nolockLock
0010b2a0 00000008 t nolockUnlock
0010b2a8 00000008 t memdbSync
0010b2b0 00000008 t sqlite3ExprWalkNoop
0010b2b8 00000004 t sqlite3MemShutdown
0010b2bc 00000004 t noopValueFunc
0010b2c0 000000f4 t dupedExprSize
0010b3b4 00000038 t unixSectorSize
0010b3f0 00000148 t applyNumericAffinity
0010b538 00000090 t kahanBabuskaNeumaierStepInt64
0010b5c8 00000080 t renumberCursorsCb
0010b648 00000110 t pcache1TruncateUnsafe
0010b758 00000034 t pcache1Truncate
0010b78c 00000060 t btreeInvokeBusyHandler
0010b7f0 000000b4 t unixCurrentTime
0010b8a4 00000084 t vdbeMergeEngineFree
0010b928 00000244 t pcacheSortDirtyList
0010bb6c 00000154 t heightOfSelect
0010bcc0 00000104 t pcache1EnforceMaxPage
0010bdc4 00000074 t pcache1Cachesize
0010be38 00000044 t pcache1Shrink
0010be7c 00000088 t pcache1Destroy
0010bf04 00000054 t jsonIs4Hex
0010bf58 0000059c t jsonbValidityCheck.part.0
0010c4f4 00000060 t pagerSyncHotJournal
0010c554 000000a0 t pager_wait_on_lock
0010c5f4 00000070 t sqlite3PagerSync
0010c664 000001ec t jsonLabelCompareEscaped
0010c850 000000e0 t getSafetyLevel
0010c930 000000dc t pcache1Unpin
0010ca0c 00000378 t vdbePmaReaderNext
0010cd84 000001b8 t vdbeMergeEngineStep
0010cf3c 000000f8 t pagerOpenSavepoint
0010d034 00000064 t nocaseCollatingFunc
0010d098 000000e0 t sqlite3InsertBuiltinFuncs
0010d178 000000b0 t checkColumnOverlap
0010d228 0000009c t pcacheFetchFinishWithInit
0010d2c4 00000090 t sqlite3PagerLookup
0010d354 00000064 t btreePageLookup
0010d3b8 000001dc t rowSetTreeToList
0010d594 00000114 t vdbeSorterOpenTempFile.isra.0
0010d6a8 000001b8 t vdbeMergeEngineInit.constprop.0
0010d860 0000009c t sqlite3PcacheMakeClean
0010d8fc 000000e8 t sqlite3PcacheTruncate
0010d9e4 000000cc t vdbeMergeEngineNew
0010dab0 00000170 t vdbeMergeEngineLevel0
0010dc20 0000008c t measureAllocationSize
0010dcac 00000064 t sqlite3DbFreeNN
0010dd10 000000d4 t sqlite3VdbeDeleteAuxData
0010dde4 00000040 t agginfoFree
0010de24 000000ac t whereLoopClearUnion
0010ded0 000000a8 t jsonParseReset
0010df78 000000b8 t jsonEachCursorReset
0010e030 0000015c t sqlite3VdbeSorterReset
0010e18c 000000d0 t sqlite3VdbeMemFinalize
0010e25c 0000005c t vdbeMemClearExternAndSetNull
0010e2b8 00000040 t out2PrereleaseWithClear
0010e2f8 00000044 t vdbeReleaseAndSetInt64
0010e33c 00000078 t vdbeMemClear
0010e3b4 0000001c t sqlite3VdbeMemRelease
0010e3d0 00000110 t sqlite3CollapseDatabaseArray
0010e4e0 000000b0 t sqlite3VtabUnlock
0010e590 0000008c t callFinaliser
0010e61c 00000128 t sqlite3VtabSavepoint
0010e744 000000b8 t freeIndexInfo
0010e7fc 00000088 t jsonCacheDeleteGeneric
0010e884 0000005c t sqlite3DbNNFreeNN
0010e8e0 00000100 t resolveP2Values
0010e9e0 00000078 t sqlite3IdListIndex
0010ea58 000000f4 t updateRangeAffinityStr
0010eb4c 00000114 t pcache1ResizeHash
0010ec60 0000010c t pcache1Create
0010ed6c 00000470 t pcache1FetchStage2
0010f1dc 000000a0 t pcache1Fetch
0010f27c 00000218 t sqlite3BitvecSet
0010f494 00000248 t subjournalPageIfRequired
0010f6dc 000001c4 t pagerAddPageToRollbackJournal
0010f8a0 00000128 t fkParentIsModified
0010f9c8 000000bc t vdbeIncrMergerNew
0010fa88 000002b0 t vdbeSorterMergeTreeBuild
0010fd38 000000b4 t releaseMemArray.part.0
0010fdec 000000b0 t sqlite3CloseSavepoints
0010fe9c 00000104 t findElementWithHash
0010ffa0 000002d0 t sqlite3HashInsert
00110270 000000e4 t sqlite3IsShadowTableOf
00110354 0000002c t last_insert_rowid
00110380 0000002c t changes
001103ac 0000002c t total_changes
001103d8 000000c8 t sqlite3RowSetDelete
001104a0 000000e4 t pragmaLocate
00110584 0000009c t sqlite3ErrorFinish
00110620 00000074 t apiHandleError
00110694 00000044 t subtypeFunc
001106d8 000000d8 t dotlockLock
001107b0 000000c8 t sqlite3IdListDelete.part.0
00110878 00000120 t renameColumnIdlistNames.part.0
00110998 000000e4 t sqlite3IndexAffinityOk
00110a7c 000000c8 t termCanDriveIndex
00110b44 000000e0 t sqlite3ColumnIndex
00110c24 000000c0 t isDupColumn
00110ce4 000000f8 t finalDbSize
00110ddc 000000b8 t btreeReleaseAllCursorPages.part.0
00110e94 00000070 t vdbeClrCopy
00110f04 00000188 t columnTypeImpl
0011108c 000000d8 t sqlite3FindDbName
00111164 00000120 t sqlite3DeleteColumnNames
00111284 00000220 t deleteTable
001114a4 00000030 t sqlite3DeleteTableGeneric
001114d4 000001bc t sqlite3SrcListDelete
00111690 00000140 t clearSelect
001117d0 00000008 t sqlite3SelectDelete.part.0
001117d8 00000010 t sqlite3SelectDelete
001117d8 00000010 t sqlite3SelectDeleteGeneric
001117e8 00000104 t sqlite3ExprDeleteNN
001118ec 0000000c t sqlite3ExprDelete
001118ec 0000000c t sqlite3ExprDeleteGeneric
001118f8 0000005c t exprListDeleteNN
00111954 0000000c t sqlite3ExprListDelete
00111954 0000000c t sqlite3ExprListDeleteGeneric
00111960 00000110 t sqlite3ParseObjectReset
00111a70 00000048 t sqlite3DeleteReturning
00111ab8 00000084 t sqlite3WithDelete.part.0
00111b3c 0000000c t sqlite3WithDeleteGeneric
00111b48 000000cc t sqlite3WindowDelete
00111c14 00000090 t upsertDelete
00111ca4 00000074 t sqlite3FreeIndex
00111d18 000000b4 t whereIndexedExprCleanup
00111dcc 00000088 t sqlite3WhereClauseClear
00111e54 000000b4 t whereInfoFree
00111f08 00000094 t fkTriggerDelete
00111f9c 000000f4 t sqlite3DeleteTriggerStep
00112090 000000b0 t sqlite3DeleteTrigger.part.0
00112140 000001e4 t sqlite3SchemaClear
00112324 000000e0 t sqlite3ResetAllSchemasOfConnection
00112404 00000090 t sqlite3ResetOneSchema
00112494 0000024c t yy_destructor.isra.0
001126e0 000000a8 t estimateIndexWidth
00112788 000001bc t sqlite3VdbeRecordUnpack
00112944 00000074 t sqlite3ExprToRegister
001129b8 000001ec t sqlite3PagerSetPagesize
00112ba4 000000f0 t sqlite3BtreeSetPageSize.isra.0
00112c94 00000108 t freeP4FuncCtx
00112d9c 0000006c t statAccumDestructor
00112e08 00000084 t jsonEachDisconnect
00112e8c 000000e8 t sqlite3TriggerList.isra.0
00112f74 00000110 t freeP4Mem
00113084 000000a0 t jsonEachClose
00113124 0000010c t renameColumnElistNames.part.0
00113230 00000118 t sqlite3ValueFree.part.0
00113348 000000f4 t sqlite3WhereExprListUsage.part.0
0011343c 00000188 t sqlite3WhereExprUsageFull
001135c4 00000098 t sqlite3WhereExprUsageNN
0011365c 0000032c t exprSelectUsage
00113988 000003c4 t whereOmitNoopJoin.constprop.0
00113d50 000000e0 t sqlite3VdbeMemIntegerify.isra.0
00113e30 00000130 t sqlite3FindIndex
00113f60 000002d4 t decodeIntArray.constprop.0
00114234 00000078 t sqlite3VdbeBooleanValue
001142ac 00000128 t sameSrcAlias
001143d4 0000006c t sqlite3DbFree
00114440 00000074 t sqlite3VdbeValueListFree
001144b4 0000008c t pragmaVtabDisconnect
00114540 000002cc t sqlite3BitvecDestroy
0011480c 000000c8 t releaseAllSavepoints
001148d4 000001f8 t pager_unlock
00114ad0 00000680 t pager_end_transaction
00115150 00000370 t unixLock
001154c0 000000e8 t signFunc
001155a8 0000020c t readSuperJournal
001157b4 00000128 t isSelfJoinView
001158dc 00000084 t renameQuotefixExprCb
00115960 000000cc t sqlite3ExprIdToTrueFalse
00115a2c 000000c4 t sqlite3IsRowid
00115af0 00000298 t readJournalHdr
00115d88 00000090 t renameTableExprCb
00115e18 00000198 t isValidSchemaTableName
00115fb0 00000110 t sqlite3WalkExprNN
001160c0 00000048 t exprIsConst
00116108 0000011c t sqlite3ExprIsSingleTableConstraint
00116224 00000158 t sqlite3ExprImpliesNonNullRow
0011637c 00000088 t sqlite3ExprAnalyzeAggList
00116404 000000e4 t analyzeAggFuncArgs
001164e8 000001ec t impliesNotNullRow
001166d4 0000011c t walkWindowList
001167f0 000000f4 t sqlite3RenameExprlistUnmap.part.0
001168e4 000002ac t sqlite3WalkSelect
00116b90 000001c4 t renameWalkTrigger
00116d54 0000003c t selectWindowRewriteSelectCb
00116d90 000000cc t whereIsCoveringIndex.isra.0
00116e5c 00000134 t sqlite3SelectPrep
00116f90 000001bc t sqlite3MatchEName
0011714c 00000130 t freeP4
0011727c 0000005c t vdbeFreeOpArray
001172d8 00000188 t sqlite3VdbeDelete
00117460 00000054 t sqlite3VdbeChangeToNoop.isra.0
001174b4 00000118 t fixDistinctOpenEph
001175cc 00000108 t renameColumnExprCb
001176d4 000003f4 t sqlite3FindTable
00117ac8 0000007c t sqlite3ShadowTableName
00117b44 00000184 t analysisLoader
00117cc8 0000002c T sqlite3_str_appendf
00117cf4 00000320 t sqlite3VdbeMemStringify
00118014 000000f4 t valueToText
00118108 00000018 t valueBytes
00118120 00000068 t sqlite3ValueBytes
00118188 00000144 t bytelengthFunc
001182cc 00000044 t sqlite3ValueText
00118310 000000b8 t unicodeFunc
001183c8 000001b4 t vdbeCompareMemString
00118580 00000284 t sqlite3MemCompare
00118804 00000168 t lengthFunc
00118970 00002814 T sqlite3_str_vappendf
0011b184 000000c4 t sqlite3VMPrintf
0011b248 000000e0 t sqlite3ErrorMsg
0011b328 00000098 t sqlite3OomFault.part.0
0011b3c0 0000001c t sqlite3OomFault.isra.0
0011b3dc 00000058 t dbMallocRawFinish
0011b434 000000f8 t sqlite3DbMallocRawNN
0011b52c 000000a8 t sqlite3HexToBlob
0011b5d4 00000414 t sqlite3VdbeMakeReady
0011b9e8 000000a4 t sqlite3VdbeSetNumCols
0011ba8c 00000084 t whereLoopResize
0011bb10 00000354 t whereLoopInsert
0011be64 000001e0 t sqlite3ExprAlloc
0011c044 0000004c t sqlite3Expr
0011c090 00000074 t sqlite3ExprAddCollateString
0011c104 00000128 t exprTableRegister
0011c22c 00000074 t sqlite3ExprListAppendNew
0011c2a0 0000010c t sqlite3VdbeMemSetRowSet
0011c3ac 000002d4 t sqlite3RowSetTest
0011c680 000000cc t sqlite3RowSetInsert
0011c74c 0000022c t whereClauseInsert
0011c978 0000010c t sqlite3WhereSplit
0011ca84 00000050 t sqlite3DbMallocZero
0011cad4 00000068 t sqlite3NameFromToken
0011cb3c 00000084 t sqlite3SrcListIndexedBy
0011cbc0 0000006c t sqlite3VdbeAllocUnpackedRecord
0011cc2c 00000214 t vdbeSorterSort
0011ce40 0000020c t vdbeSorterListToPMA
0011d04c 00000334 t sqlite3VdbeSorterWrite.isra.0
0011d380 000000b8 t sqlite3DbSpanDup
0011d438 00000084 t sqlite3DbStrDup
0011d4bc 00000078 t sqlite3IdListDup
0011d534 000000ec t vdbeChangeP4Full
0011d620 00000098 t sqlite3VdbeChangeP4
0011d6b8 000000e0 t strAccumFinishRealloc
0011d798 000000b4 t sqlite3WindowAssemble
0011d84c 000001a8 t exprINAffinity.isra.0
0011d9f4 00000064 t sqlite3ValueNew
0011da58 00000140 t printfTempBuf
0011db98 0000007c t sqlite3RenameTokenMap.part.0
0011dc14 000000b8 t sqlite3ExprListSetName.part.0
0011dccc 00000130 t tokenExpr
0011de00 00000098 t jsonEachOpenEach
0011de98 00000098 t jsonEachOpenTree
0011df30 00000138 t sqlite3CreateColumnExpr
0011e068 000000d0 t sqlite3AllocateIndexObject
0011e138 00000134 t sqlite3UpsertNew
0011e26c 000001a0 t sqlite3VdbeSorterInit
0011e40c 00000130 t triggerStepAllocate
0011e53c 000000f8 t resizeIndexObject
0011e634 0000016c t sqlite3WindowDup
0011e7a0 0000024c t sqlite3SelectDup
0011e9ec 00000614 t exprDup
0011f000 000001e4 t sqlite3ExprListDup
0011f1e4 00000124 t propagateConstantExprRewriteOne
0011f308 000000ac t propagateConstantExprRewrite
0011f3b4 000000bc t sqlite3UpsertDup
0011f470 00000288 t sqlite3SrcListDup
0011f6f8 000000f8 t sqlite3WithDup
0011f7f0 0000011c t sqlite3SrcItemAttachSubquery
0011f90c 00000180 t sqlite3SelectNew
0011fa8c 000001a0 t sqlite3VtabOverloadFunction
0011fc2c 00000144 t sqlite3SchemaGet
0011fd70 000000c8 t sqlite3ParserAddCleanup
0011fe38 000001ec t resolveAlias
00120024 00000108 t agginfoPersistExprCb
0012012c 0000013c t autoIncBegin
00120268 00000144 t renameWalkWith.isra.0
001203ac 000000ec t renameTableSelectCb
00120498 00000034 t renameColumnSelectCb
001204cc 00000200 t renameUnmapSelectCb
001206cc 000000b0 t sqlite3KeyInfoAlloc
0012077c 0000009c t sqlite3VtabMakeWritable
00120818 00000164 t sqlite3FindCollSeq.part.0
0012097c 0000004c t sqlite3SetTextEncoding
001209c8 000000f0 t computeIndexAffStr
00120ab8 000001ec t whereAddIndexedExpr
00120ca4 000001b0 t sqlite3VtabCreateModule
00120e54 00000074 t sqlite3JsonTableFunctions
00120ec8 000000d4 t dbReallocFinish
00120f9c 00000060 t sqlite3DbRealloc
00120ffc 000002b8 t sqlite3StrAccumEnlarge
001212b4 0000008c T sqlite3_str_appendchar
00121340 00000050 t enlargeAndAppend
00121390 00000084 T sqlite3_str_appendall
00121414 000003a8 t explainAppendTerm
001217bc 000001f8 t sqlite3VdbeMemGrow
001219b4 00000084 t sqlite3VdbeMemExpandBlob
00121a38 000000b0 t computeNumericType
00121ae8 00000058 t vdbeMemAddTerminator
00121b40 0000009c t sqlite3VdbeMemMakeWriteable
00121bdc 000006a4 t sqlite3VdbeMemTranslate
00122280 0000009c t sqlite3VdbeMemCopy
0012231c 000000b0 t sqlite3VdbeGetBoundValue.constprop.0
001223cc 00000158 t sqlite3ExprIsInteger
00122524 00000200 t whereLoopOutputAdjust
00122724 000000c0 t createAggContext
001227e4 00000048 t dense_rankStepFunc
0012282c 00000040 t ntileInvFunc
0012286c 00000040 t percent_rankInvFunc
001228ac 00000040 t cume_distInvFunc
001228ec 00000050 t percent_rankStepFunc
0012293c 00000050 t row_numberStepFunc
0012298c 00000050 t cume_distStepFunc
001229dc 0000007c t row_numberValueFunc
00122a58 0000007c t countFinalize
00122ad4 00000084 t rankValueFunc
00122b58 000000a0 t last_valueInvFunc
00122bf8 00000060 t rankStepFunc
00122c58 00000084 t countInverse
00122cdc 00000084 t countStep
00122d60 000000b0 t dense_rankValueFunc
00122e10 000000e4 t cume_distValueFunc
00122ef8 0000015c t totalFinalize
00123054 0000012c t percent_rankValueFunc
00123180 00000110 t avgFinalize
00123290 00000148 t ntileValueFunc
001233d8 0000011c t minmaxStep
001234f4 00000148 t jsonGroupInverse
00123640 000001c0 t sumInverse
00123800 00000160 t groupConcatInverse
00123960 000002b4 t sumStep
00123c14 00000434 t sqlite3VdbeMemSetStr
00124048 0000053c t sqlite3VdbeExpandSql
00124584 00000114 t sqlite3VdbeTransferError
00124698 000000cc t contextMalloc
00124764 000000c4 t setPragmaResultColumnNames
00124828 00000148 t setResultStrOrError
00124970 00000050 t typeofFunc
001249c0 00000144 t statInit
00124b04 00000290 t unhexFunc
00124d94 00000118 t lowerFunc
00124eac 00000124 t upperFunc
00124fd0 000003d4 t trimFunc
001253a4 00000134 t printfFunc
001254d8 0000002c t versionFunc
00125508 000000c0 t compileoptiongetFunc
001255c8 0000002c t sourceidFunc
001255f4 00000104 t zeroblobFunc
001256f8 00000144 t groupConcatValue
00125840 00000340 t toLocaltime
00125b80 000000c4 t ntileStepFunc
00125c44 00000150 t sumFinalize
00125d94 000002b0 t likeFunc
00126048 000001f4 t absFunc
0012623c 000000dc t sqlite3ColumnSetColl
00126318 000000c0 t selectRefEnter
001263d8 00000264 t findOrCreateAggInfoColumn
0012663c 00000088 t growVTrans
001266c4 000002d8 t jsonBlobChangePayloadSize
0012699c 00000054 t jsonAfterEditSizeAdjust
001269f0 00000130 t growOpArray.isra.0
00126b20 000000c8 t sqlite3VdbeAddOpList.constprop.0
00126be8 00000070 t growOp3
00126c58 00000068 t sqlite3VdbeAddOp3
00126cc0 00000084 t sqlite3VdbeCreate
00126d44 00000028 t sqlite3GetVdbe.part.0
00126d6c 00000220 t windowAggFinal.isra.0
00126f8c 000000a8 t sqlite3MultiValuesEnd
00127034 00000108 t windowReadPeerValues.isra.0
0012713c 000001b8 t sqlite3VdbeMultiLoad
001272f4 000000e0 t pragmaFunclistLine
001273d4 00000068 t sqlite3VdbeGoto.isra.0
0012743c 0000006c t sqlite3VdbeAddOp0.isra.0
001274a8 00000088 t sqlite3VdbeAddOp4
00127530 0000007c t sqlite3VdbeEndCoroutine
001275ac 000000a8 t addOp4IntSlow
00127654 00000070 t sqlite3VdbeAddOp4Int
001276c4 000001e4 t sqlite3CompleteInsertion
001278a8 00000084 t sqlite3ChangeCookie.isra.0
0012792c 000000b4 t sqlite3VdbeLoadString
001279e0 000000c8 t returnSingleInt
00127aa8 000000cc t sqlite3CodeChangeCount
00127b74 000000ec t sqlite3SetHasNullFlag
00127c60 000000fc t integrityCheckResultRow
00127d5c 00000118 t sqlite3HaltConstraint
00127e74 0000028c t sqlite3UniqueConstraint
00128100 000000dc t codeReal.part.0
001281dc 00000118 t sqlite3VdbeAddParseSchemaOp
001282f4 00000090 t renameReloadSchema
00128384 00000118 t returnSingleText.part.0
0012849c 000000fc t sqlite3ForceNotReadOnly
00128598 0000013c t sqlite3VdbeAddFunctionCall.isra.0
001286d4 00000418 t finalizeAggFunctions
00128aec 000000ec t codeApplyAffinity.isra.0
00128bd8 0000025c t windowCheckValue
00128e34 000000c4 t resizeResolveLabel
00128ef8 00000034 t sqlite3VdbeResolveLabel
00128f2c 0000014c t lockTable
00129078 00000030 t sqlite3TableLock
001290a8 00000080 t jsonBlobExpandAndAppendNode
00129128 000000f4 t jsonBlobAppendNode
0012921c 0000009c t jsonBlobMakeEditable
001292b8 00000100 t jsonBlobEdit
001293b8 000008a0 t jsonLookupStep
00129c58 000000c4 t jsonEachPathLength
00129d1c 00000534 t jsonMergePatch
0012a250 000000e4 t jsonBlobExpandAndAppendOneByte
0012a334 00000d58 t jsonTranslateTextToBlob
0012b08c 00000158 t jsonConvertTextToBlob
0012b1e4 000000e0 t sqlite3ExprListAppendGrow
0012b2c4 00000064 t sqlite3ExprListAppend
0012b328 00000098 t extendFJMatch
0012b3c0 00000138 t sqlite3AddCheckConstraint
0012b4f8 0000017c t exprListAppendList
0012b674 000000fc t sqlite3ColumnSetExpr
0012b770 00000170 t sqlite3IdListAppend
0012b8e0 000003d8 t replaceFunc
0012bcb8 000001e8 t sqlite3TableAffinity
0012bea0 00000414 t sqlite3FindFunction
0012c2b4 0000007c t exprNodeCanReturnSubtype
0012c330 000000e4 t exprNodeIsConstantFunction
0012c414 00000188 t exprNodeIsConstant
0012c59c 0000019c t codeInteger
0012c738 000000b4 t sqlite3AuthCheck
0012c7ec 0000011c t sqlite3Savepoint
0012c908 000000b0 t sqlite3TwoPartName
0012c9b8 000000ac t addModuleArgument
0012ca64 00000098 t sqlite3IndexedByLookup
0012cafc 000000ec t sqlite3ResolveOrderGroupBy
0012cbe8 00000100 t sqlite3ExprAddFunctionOrderBy
0012cce8 00000108 t sqlite3PExpr
0012cdf0 000000a4 t sqlite3ExprForVectorField
0012ce94 000000c8 t sqlite3ExprAnd
0012cf5c 00000168 t havingToWhereExprCb
0012d0c4 00000110 t whereAddLimitExpr
0012d1d4 00000174 t sqlite3WhereAddLimit
0012d348 00000584 t sqlite3AddColumn
0012d8cc 00000240 t sqlite3AddDefaultValue
0012db0c 00000230 t sqlite3AddGenerated
0012dd3c 00000074 t sqlite3HasExplicitNulls.part.0
0012ddb0 0000056c t sqlite3CreateForeignKey
0012e31c 000001bc t fixSelectCb
0012e4d8 0000006c t fixExprCb
0012e544 00000170 t sqlite3SrcListEnlarge
0012e6b4 00000090 t sqlite3SrcListAppendList
0012e744 00000110 t sqlite3SrcListAppend
0012e854 00000178 t sqlite3JoinType
0012e9cc 000001ac t triggersReallyExist
0012eb78 00000364 t sqlite3FkLocateIndex
0012eedc 00000108 t sqlite3FkOldmask.part.0
0012efe4 00000878 t fkActionTrigger
0012f85c 00000210 t sqlite3SrcListAppendFromTerm
0012fa6c 000001c4 t convertCompoundSelectToSubquery
0012fc30 00000130 t sqlite3TriggerStepSrc
0012fd60 000002c8 t sqlite3ExprListAppendVector
00130028 000002b4 t sqlite3ExprAssignVarNumber
001302dc 000000f0 t parserDoubleLinkSelect.part.0
001303cc 0000011c t parserAddExprIdListTerm
001304e8 00000104 t isAlterableTable
001305ec 0000022c t sqlite3WithAdd
00130818 00000314 t sqlite3WindowAlloc
00130b2c 00000168 t sqlite3DequoteNumber
00130c94 00000290 t sqlite3GetCollSeq
00130f24 00000074 t sqlite3LocateCollSeq
00130f98 000000f8 t sqlite3KeyInfoOfIndex
00131090 00000070 t sqlite3VdbeSetP4KeyInfo
00131100 00000178 t sqlite3OpenTable
00131278 00000110 t autoIncrementEnd
00131388 00000284 t sqlite3OpenTableAndIndices
0013160c 00000710 t fkLookupParent
00131d1c 00000d14 t analyzeOneTable
00132a30 00000214 t sqlite3ExprCollSeq
00132c44 00000058 t sqlite3BinaryCompareCollSeq
00132c9c 00000128 t codeCompare.part.0.isra.0
00132dc4 0000011c t indexInAffinityOk
00132ee0 00000150 t constInsert
00133030 00000134 t findConstInWhere
00133164 0000021c t wherePartIdxExpr
00133380 000003c4 t sqlite3SubqueryColumnTypes
00133744 00000080 t selectAddSubqueryTypeInfo
001337c4 000001dc t codeDistinct
001339a0 00000088 t sqlite3KeyInfoFromExprList
00133a28 0000015c t windowIfNewPeer
00133b84 00000588 t windowCodeRangeTest
0013410c 00000124 t multiSelectCollSeq
00134230 0000025c t multiSelectOrderByKeyInfo.constprop.0
0013448c 00000040 t disallowAggregatesInOrderByCb
001344cc 00000180 t sqlite3IsReadOnly
0013464c 00000084 t notValidImpl.isra.0
001346d0 00000438 t substExpr
00134b08 000002c0 t pushDownWhereTerms.isra.0
00134dc8 000001a4 t substSelect.part.0
00134f6c 00000a68 t flattenSubquery
001359d4 0000014c t sqlite3ResolveExprListNames
00135b20 00000138 t sqlite3WindowChain
00135c58 00000124 t sqlite3ResolveExprNames
00135d7c 000000bc t sqlite3ResolveSelfReference
00135e38 00000120 t sqlite3ExprSetHeightAndFlags.part.0
00135f58 00000058 t sqlite3PExprAddSelect
00135fb0 000002b8 t countOfViewOptimization
00136268 000000fc t sqlite3ExprFunction
00136364 000000fc t sqlite3ExprCheckIN
00136460 00000114 t sqlite3ErrorWithMsg
00136574 0000004c t sqlite3VdbeError
001365c0 0000002c t sqlite3MPrintf
001365ec 00000528 t vtabCallConstructor
00136b14 000002c0 t sqlite3GenerateColumnNames
00136dd4 00000090 t sqlite3RowidConstraint
00136e64 00000144 t renameColumnParseError
00136fa8 000000e8 t sqlite3VdbeExplain
00137090 000004e0 t generateOutputSubroutine
00137570 00000854 t generateSortTail
00137dc4 00000284 t resetAccumulator
00138048 00000068 T sqlite3_snprintf
001380b0 00000028 t memdbFullPathname
001380d8 00000160 t sqlite3AddReturning
00138238 000003a4 t renameEditSql
001385dc 000000cc T sqlite3_log
001386a8 00000124 t robust_open
001387cc 000000d8 t verifyDbFile
001388a4 00000054 t sqlite3MemRealloc
001388f8 00000058 t sqlite3MemMalloc
00138950 00000084 t errlogFunc
001389d4 00000380 t sqlite3CreateFunc
00138d54 0000012c t createFunctionApi
00138e80 00000238 t createCollation
001390b8 00000160 t decodeFlags
00139218 000000e4 t zeroPage
001392fc 000001a0 t ptrmapGet
0013949c 00000210 t getOverflowPage
001396ac 00000104 t btreeGetUnusedPage
001397b0 00000144 t corruptSchema
001398f4 0000011c t btreeCursor
00139a10 000001b4 t btreeComputeFreeSpace
00139bc4 00000374 t freeSpace
00139f38 000001f8 t pageFreeArray
0013a130 00000158 t dropCell.part.0
0013a288 00000150 t pageFindSlot
0013a3d8 0000046c t defragmentPage
0013a844 00000260 t rebuildPage
0013aaa8 000007a0 t sqlite3VdbeRecordCompareWithSkip
0013b248 00000008 t sqlite3VdbeRecordCompare
0013b250 0000005c t vdbeSorterCompare
0013b2ac 00000120 t vdbeRecordCompareInt
0013b3cc 00000140 t vdbeSorterCompareText
0013b50c 00000174 t vdbeSorterCompareInt
0013b680 00000178 t vdbeRecordCompareString
0013b7f8 000000f8 t btreeCellSizeCheck.constprop.0
0013b8f0 0000012c t btreeInitPage
0013ba1c 0000002c t pageReinit
0013ba48 00000134 t getAndInitPage
0013bb7c 0000013c t moveToChild
0013bcb8 00000058 t moveToRightmost
0013bd10 0000005c t moveToLeftmost
0013bd6c 00000200 t moveToRoot
0013bf6c 000001cc t sqlite3BtreeCount
0013c138 00000064 t btreeLast
0013c19c 0000016c t pageInsertArray
0013c308 0000019c t vdbeUnbind
0013c4a4 00000110 t bindText
0013c5b4 000000c0 t closePendingFds
0013c674 000001bc t posixUnlock.constprop.0
0013c830 00000004 t unixUnlock
0013c834 00000068 t sqlite3SafetyCheckOk
0013c89c 000000bc t robust_close
0013c958 00000118 t openDirectory
0013ca70 00000108 t unixTruncate
0013cb78 0000011c t unixRandomness
0013cc94 000000bc t nolockClose
0013cd50 0000010c t unixSync
0013ce5c 0000010c t dotlockClose
0013cf68 00000160 t unixClose
0013d0c8 00000190 t unixDelete
0013d258 000002c8 t appendOnePathElement
0013d520 00000064 t appendAllPathElements
0013d584 00000160 t unixFullPathname
0013d6e4 00000110 t checkAppendMsg
0013d7f4 00000070 t checkRef
0013d864 000000c4 t checkPtrmap
0013d928 00000284 t checkList
0013dbac 000008c4 t checkTreePage
0013e470 000005f0 t sqlite3BtreeIntegrityCheck.isra.0
0013ea60 00000090 t applyAffinity
0013eaf0 00000228 t sqlite3VdbeMemCast
0013ed18 000005f4 t valueFromExpr.constprop.0
0013f30c 00000094 t windowExprGtZero.isra.0
0013f3a0 000001dc t exprCompareVariable
0013f57c 00000120 t sqlite3ColumnDefault
0013f69c 000005b8 t sqlite3WhereAddExplainText.part.0.isra.0
0013fc54 0000029c t sqlite3WhereExplainBloomFilter.isra.0
0013fef0 00000074 T sqlite3_stricmp
0013ff64 00000190 t sqlite3CheckObjectName
001400f4 00000300 t sqlite3ExprCompare.part.0
001403f4 0000005c t sqlite3ExprCompare
00140450 000000e8 t resolveOrderByTermToExprList
00140538 000000a4 t whereApplyPartialIndexConstraints
001405dc 000000e8 t exprNodeIsConstantOrGroupBy
001406c4 0000006c t sqlite3ExprCompareSkip
00140730 00000140 t exprMightBeIndexed2
00140870 000000b4 t exprMightBeIndexed
00140924 00000338 t whereScanNext
00140c5c 00000024 t whereScanInitIndexExpr.constprop.0
00140c80 00000104 t whereScanInit
00140d84 000000a0 t sqlite3WhereFindTerm
00140e24 00000f94 t whereLoopAddBtreeIndex
00141db8 00000c48 t wherePathSatisfiesOrderBy
00142a00 00000d84 t wherePathSolver.isra.0
00143784 000001c0 t exprImpliesNotNull
00143944 000001f4 t sqlite3ExprImpliesExpr
00143b38 000000f8 t whereUsablePartialIndex
00143c30 00000a44 t whereLoopAddBtree
00144674 00000304 t resolveOrderGroupBy
00144978 0000099c t resolveSelectStep
00145314 000000c8 t sqlite3ExprListCompare
001453dc 000000fc t sqlite3WindowCompare
001454d8 00000084 t sqlite3WindowLink
0014555c 00000038 t gatherSelectWindowsCallback
00145594 0000025c t selectWindowRewriteExprCb
001457f0 00000108 t whereIsCoveringIndexWalkCallback
001458f8 00000468 t analyzeAggregate
00145d60 00000198 t xferCompatibleIndex
00145ef8 00000080 T sqlite3_value_blob
00145f78 000000dc t jsonFuncArgMightBeBinary
00146054 00000120 t statPush
00146174 00000214 t jsonErrorFunc
00146388 00000694 t substrFunc
00146a1c 00000134 t hexFunc
00146b50 000000a8 T sqlite3_result_value
00146bf8 000000b8 t minmaxFunc
00146cb0 000000b4 t first_valueFinalizeFunc
00146d64 000000b4 t nth_valueFinalizeFunc
00146e18 00000078 t last_valueValueFunc
00146e90 000000b4 t last_valueFinalizeFunc
00146f44 0000009c t minMaxFinalize
00146fe0 00000110 t pragmaVtabColumn
001470f0 00000040 t nullifFunc
00147130 00000074 t minMaxValue
001471a4 000000c8 T sqlite3_result_error_code
0014726c 000000c0 t sqlite3ResultStrAccum
0014732c 00000148 t statGet
00147474 00000068 t groupConcatFinalize
001474e0 000003a4 t quoteFunc
00147884 00000124 T sqlite3_set_auxdata
001479a8 0000019c t jsonCacheInsert.constprop.0
00147b48 000000d8 T sqlite3_column_double
00147c20 00000118 T sqlite3_column_int
00147d38 000000cc T sqlite3_column_text
00147e04 000000b8 T sqlite3_bind_double
00147ebc 00000084 T sqlite3_bind_int
00147f40 00000030 T sqlite3_bind_text
00147f70 00000110 T sqlite3_vtab_config
00148080 000002b4 T sqlite3_config
00148338 00000418 T sqlite3_initialize
00148750 00000060 T sqlite3_vfs_find
001487b0 00000068 T sqlite3_vfs_register
00148818 000000ac T sqlite3_soft_heap_limit64
001488c4 0000008c T sqlite3_hard_heap_limit64
00148950 000000c4 T sqlite3_os_init
00148a14 00000134 t yyGrowStack
00148b48 000000cc T sqlite3_mprintf
00148c14 00000084 t memdbFileControl
00148c98 00000124 t sqlite3AuthReadCol
00148dc0 00002b7c t resolveExprStep
0014b93c 000000b0 t sqlite3NotPureFunc
0014b9f0 00001438 t isDate
0014ce28 000006fc t timediffFunc
0014d528 00000d5c t strftimeFunc
0014e288 00000480 t datetimeFunc
0014e708 0000000c t ctimestampFunc
0014e718 000002e4 t timeFunc
0014e9fc 0000000c t ctimeFunc
0014ea08 000001a0 t dateFunc
0014eba8 0000000c t cdateFunc
0014ebb8 00000138 t unixepochFunc
0014ecf0 000000bc t juliandayFunc
0014edb0 000002dc t roundFunc
0014f08c 00000058 t sqlite3InvalidFunction
0014f0e4 000000bc t jsonBadPathError.isra.0
0014f1a0 00000070 t pragmaVtabOpen
0014f210 000000cc T sqlite3_value_dup
0014f2dc 000000c4 t first_valueStepFunc
0014f3a0 0000020c t nth_valueStepFunc
0014f5ac 000000f4 t last_valueStepFunc
0014f6a0 00000420 t instrFunc
0014fac0 00000324 t memjrnlWrite
0014fde4 00000294 t concatFuncCore
00150078 00000098 t concatwsFunc
00150110 00000024 t concatFunc
00150134 00000204 t charFunc
00150338 00000688 t jsonParseFuncArg
001509c0 0000031c t jsonValidFunc
00150cdc 00000160 t jsonTypeFunc
00150e3c 000001d4 t jsonArrayLengthFunc
00151010 00000210 t jsonStringGrow
00151220 00000040 t jsonAppendCharExpand
00151260 00000198 t jsonReturnStringAsBlob
001513f8 000003a0 t jsonReturnString
00151798 00000200 t jsonObjectCompute
00151998 00000008 t jsonObjectValue
001519a0 00000008 t jsonObjectFinal
001519a8 000001fc t jsonArrayCompute
00151ba4 00000008 t jsonArrayValue
00151bac 00000008 t jsonArrayFinal
00151bb4 00000300 t jsonAppendString
00151eb4 00000054 t jsonStringExpandAndAppend
00151f08 000000a0 t jsonPrettyIndent
00151fa8 00000438 t jsonEachFilter
001523e0 000000e0 t jsonPrintf
001524c0 000000f8 t jsonAppendPathName
001525b8 000002a8 t jsonEachNext
00152860 00000f54 t jsonTranslateBlobToText
001537b4 000003b8 t jsonAppendSqlValue
00153b6c 000001cc t jsonObjectStep
00153d38 00000100 t jsonArrayStep
00153e38 00000078 t jsonQuoteFunc
00153eb0 000002ec t jsonObjectFunc
0015419c 00000154 t jsonArrayFunc
001542f0 00000144 t jsonReturnParse
00154434 0000014c t jsonPatchFunc
00154580 00000704 t jsonInsertIntoBlob
00154c84 00000070 t jsonReplaceFunc
00154cf4 00000094 t jsonSetFunc
00154d88 0000016c t jsonRemoveFunc
00154ef4 000005b0 t jsonTranslateBlobToPrettyText
001554a4 0000014c t jsonPrettyFunc
001555f0 0000068c t jsonReturnFromBlob
00155c7c 00000458 t jsonEachColumn
001560d8 00000994 t jsonExtractFunc
00156a6c 00000498 T sqlite3_randomness
00156f04 00000124 t unixGetTempname
00157028 00000110 t randomBlob
00157138 00000060 t randomFunc
00157198 000001b8 t writeJournalHdr.constprop.0
00157350 0000035c t pager_write
001576ac 0000024c t pagerWriteLargeSector
001578f8 00000064 t sqlite3PagerWrite
0015795c 0000020c t backupOnePage
00157b68 00000060 t backupUpdate
00157bc8 00000218 t pager_write_pagelist
00157de0 00000450 t pager_playback_one_page
00158230 000006e8 t pager_playback
00158918 000000c4 t sqlite3PagerRollback
001589dc 000000dc t pagerUnlockAndRollback
00158ab8 0000046c t getPageNormal
00158f24 00000168 t sqlite3PagerClose.isra.0
0015908c 000001b0 t btreeEndTransaction
0015923c 00000120 t sqlite3BtreeCommitPhaseTwo
00159360 00000644 t sqlite3PagerSharedLock
001599a4 00000268 t sqlite3PagerSetJournalMode
00159c0c 00000110 t btreeOverwriteContent
00159d1c 000001a4 t btreeOverwriteOverflowCell
00159ec0 000000b0 t btreeOverwriteCell
00159f70 000000ec t newDatabase
0015a05c 00000838 t btreeBeginTrans
0015a894 000000a4 t sqlite3BtreeBeginTrans
0015a938 00000b08 t allocateBtreePage
0015b440 00000214 t ptrmapPut
0015b654 000000c8 t ptrmapPutOvflPtr
0015b71c 00000114 t setChildPtrmaps
0015b830 000000bc t copyNodeContent.part.0
0015b8ec 00000520 t sqlite3BtreeTransferRow
0015be0c 00000660 t relocatePage
0015c46c 00000410 t incrVacuumStep
0015c87c 00000500 t freePage2
0015cd7c 00000234 t clearCellOverflow.isra.0
0015cfb0 00000370 t insertCell
0015d320 000020c4 t balance
0015f3e4 00000288 t clearDatabasePage
0015f66c 00000550 t accessPayload
0015fbbc 000000b8 t saveCursorKey
0015fc74 00000080 t saveCursorPosition
0015fcf4 00000140 t saveCursorsOnList
0015fe34 00000060 t saveAllCursors.isra.0
0015fe94 000000d4 t sqlite3BtreeClearTable
0015ff68 00000570 t sqlite3BtreeSavepoint.part.0.isra.0
001604d8 00000158 t vdbeCloseStatement
00160630 00000190 t sqlite3BtreeTripAllCursors
001607c0 0000013c t sqlite3BtreeRollback.isra.0
001608fc 000001c0 t sqlite3RollbackAll
00160abc 00000108 t sqlite3BtreeClose.isra.0
00160bc4 000001d0 t sqlite3VdbeFreeCursorNN
00160d94 00000098 t freeCursorWithCache
00160e2c 00000154 t allocateCursor
00160f80 000000f0 t sqlite3VdbeFrameRestore
00161070 00000240 t detachFunc
001612b0 00000088 t invalidateTempStorage
00161338 00000434 t sqlite3LeaveMutexAndCloseZombie
0016176c 000002e8 t sqlite3Close
00161a54 0000011c T sqlite3_backup_finish
00161b70 00000120 t sqlite3VdbeMemFromBtree
00161c90 0000005c t sqlite3VdbeMemFromBtreeZeroOffset
00161cec 000001fc t sqlite3VdbeIdxRowid
00161ee8 000005d4 t sqlite3BtreeIndexMoveto
001624bc 00000130 t btreeMoveto
001625ec 000000dc t btreeRestoreCursorPosition
001626c8 00000090 t sqlite3VdbeHandleMovedCursor
00162758 00000218 t btreePrevious.constprop.0
00162970 00000684 t sqlite3BtreeDelete
00162ff4 00000214 t btreeNext.constprop.0
00163208 0000006c t sqlite3BtreeNext.isra.0
00163274 000002e0 t sqlite3BtreeTableMoveto
00163554 00000080 t sqlite3VdbeFinishMoveto
001635d4 00000fc0 t sqlite3BtreeInsert
00164594 0000046c t btreeCreateTable
00164a00 000003e0 t btreeDropTable
00164de0 000000c0 t sqlite3BtreeUpdateMeta.isra.0
00164ea0 00000280 t syncJournal.part.0
00165120 00000554 t sqlite3PagerCommitPhaseOne.part.0
00165674 00000398 t sqlite3BtreeCommitPhaseOne.part.0
00165a0c 00000ec0 t sqlite3VdbeHalt
001668cc 00000094 t sqlite3VdbeReset
00166960 000000fc T sqlite3_finalize
00166a5c 0000004c t pragmaVtabClose
00166aa8 0000009c T sqlite3_reset
00166b44 000001e8 t renameParseCleanup
00166d2c 00000a24 T sqlite3_backup_step
00167750 00000124 t pagerStress
00167874 00000594 t sqlite3ColumnsFromExprList.isra.0
00167e08 00000110 t sqlite3ResultSetOfSelect
00167f18 00000780 t sqlite3WindowRewrite
00168698 0000033c t viewGetColumnNames
001689d4 00000024 t sqlite3ViewGetColumnNames
001689f8 000004a4 t renameResolveTrigger
00168ea0 000003a0 t vdbeColumnFromOverflow
00169240 000002c8 t unixFileControl
00169508 00000700 t sqlite3ParseUri.constprop.0
00169c08 00000388 t groupConcatStep
00169f90 00000098 T sqlite3_db_release_memory
0016a028 00000008 T sqlite3_last_insert_rowid
0016a030 00000008 T sqlite3_close
0016a038 0000009c T sqlite3_overload_function
0016a0d4 00000184 T sqlite3_errmsg
0016a258 000000ac T sqlite3_errcode
0016a304 000000a4 T sqlite3_extended_errcode
0016a3a8 00000188 T sqlite3_file_control
0016a530 000000dc T sqlite3_uri_parameter
0016a60c 00000b34 t unixOpen
0016b140 00000d44 t sqlite3BtreeOpen
0016be84 000000c8 t sqlite3OpenTempDatabase
0016bf4c 00000028 t sqlite3CodeVerifySchemaAtToplevel
0016bf74 000000c8 t sqlite3CodeVerifyNamedSchema
0016c03c 00000080 t sqlite3BeginWriteOperation
0016c0c0 00000a10 t whereLoopAddVirtualOne
0016cad0 00000b44 t whereLoopAddVirtual
0016d614 00000408 t whereLoopAddOr
0016da1c 00000ac4 t sqlite3FindInIndex
0016e4e0 000008a0 t codeINTerm
0016ed80 000000b8 t codeEqualityTerm
0016ee38 00000410 t codeAllEqualityTerms
0016f248 000001a0 t filterPullDown
0016f3e8 00004e38 t sqlite3WhereBegin
00174220 000004f8 t sqlite3WhereRightJoinLoop
00174718 00000d40 t sqlite3WhereEnd
00175458 0000469c t sqlite3Select
00179af8 000003c0 t sqlite3CodeSubselect
00179eb8 0000014c t exprCodeVector
0017a004 00000244 t exprCodeBetween
0017a248 00000458 t sqlite3ExprIfTrue
0017a6a0 00000450 t sqlite3ExprIfFalse
0017aaf0 00001c0c t sqlite3ExprCodeTarget
0017c6fc 000000a8 t sqlite3ExprCode.part.0
0017c7a4 000006e8 t sqlite3FinishCoding
0017ce8c 00000228 t sqlite3IndexedExprLookup
0017d0b4 000000a0 t sqlite3ExprCodeCopy
0017d154 000001f4 t sqlite3ExprCodeGeneratedColumn
0017d348 000001cc t sqlite3ExprCodeGetColumnOfTable
0017d514 00000260 t sqlite3ComputeGeneratedColumns
0017d774 00000060 t sqlite3ExprCodeLoadIndexColumn
0017d7d4 0000023c t sqlite3ExprCodeRunJustOnce
0017da10 00000094 t sqlite3ExprCodeFactorable
0017daa4 00000250 t computeLimitRegisters
0017dcf4 000000f0 t codeExprOrVector
0017dde4 00000198 t sqlite3Vacuum
0017df7c 00000144 t sqlite3ExprCodeTemp
0017e0c0 00000c3c t sqlite3ExprCodeIN
0017ecfc 000000c4 t exprVectorRegister.constprop.0
0017edc0 00002664 t exprAnalyze
00181424 0000024c t sqlite3ExprCodeExprList.isra.0
00181670 000006e8 t windowAggStep.isra.0
00181d58 00000968 t windowReturnOneRow
001826c0 000007e4 t windowCodeOp
00182ea4 0000061c t pushOntoSorter
001834c0 00000de8 t selectInnerLoop
001842a8 0000063c t sqlite3ConstructBloomFilter
001848e4 00000798 t updateAccumulator
0018507c 00000098 t sqlite3ExprIfFalseDup.constprop.0
00185114 000002b4 t sqlite3GenerateIndexKey
001853c8 00000688 t sqlite3RefillIndex
00185a50 00000198 t reindexTable.part.0
00185be8 00000074 t reindexDatabases
00185c5c 00000b84 t constructAutomaticIndex
001867e0 00000210 t sqlite3GenerateRowIndexDelete.isra.0
001869f0 00000c80 t sqlite3CodeRhsOfIN
00187670 00002448 t multiSelect
00189ab8 00000154 t sqlite3MaterializeView.constprop.0
00189c0c 00000324 t updateFromSelect.isra.0
00189f30 00000488 t fkScanChildren
0018a3b8 0000062c t openDatabase
0018a9e4 0000000c T sqlite3_open
0018a9f0 00009a58 t sqlite3VdbeExec
00194448 00000dcc T sqlite3_step
00195214 0000008c t pragmaVtabNext
001952a0 00000808 T sqlite3_exec
00195aa8 000001b4 t sqlite3AnalysisLoad
00195c5c 0000058c t sqlite3InitOne
001961e8 000000b4 t sqlite3Init
0019629c 00000080 t sqlite3ReadSchema
0019631c 000006e0 t sqlite3StartTable
001969fc 0000039c t sqlite3LocateTable
00196d98 00000068 t sqlite3LocateTableItem
00196e00 00001e14 t selectExpander
00198c14 000000e0 t sqlite3SrcListLookup
00198cf4 00000764 t sqlite3BeginTrigger
00199458 0000026c t sqlite3AlterBeginAddColumn
001996c4 0000077c t sqlite3FkCheck
00199e40 00002d60 t sqlite3Update.constprop.0
0019cba0 000003a8 t sqlite3UpsertDoUpdate
0019cf48 000007e8 t codeRowTrigger
0019d730 00000070 t getRowTrigger
0019d7a0 000000d4 t sqlite3TriggerColmask
0019d874 0000013c t sqlite3CodeRowTriggerDirect
0019d9b0 0000071c t sqlite3CodeRowTrigger
0019e0cc 00000550 t sqlite3GenerateRowDelete
0019e61c 000020e8 t sqlite3GenerateConstraintChecks
001a0704 00002d04 t sqlite3Insert
001a3408 0000100c t sqlite3DeleteFrom.constprop.0
001a4414 000004b4 t sqlite3MultiValues
001a48c8 000002f4 t codeAttach
001a4bbc 000001f4 t sqlite3Reindex
001a4db0 00003e6c t yy_reduce.isra.0
001a8c1c 00000800 t sqlite3RunParser
001a941c 00000544 t sqlite3Prepare
001a9960 000001a0 t sqlite3LockAndPrepare
001a9b00 00000234 t sqlite3Reprepare
001a9d34 0000002c T sqlite3_prepare_v2
001a9d60 00000298 t pragmaVtabFilter
001a9ff8 00004ab4 t sqlite3Pragma
001aeaac 000002c4 t sqlite3InitCallback
001aed70 00000114 t sqlite3NestedParse
001aee84 00000088 t sqlite3ClearStatTables
001aef0c 00000254 t sqlite3DropTriggerPtr
001af160 0000017c t sqlite3DropTrigger
001af2dc 0000011c t destroyRootPage
001af3f8 000002f0 t sqlite3DropIndex
001af6e8 00000b80 t sqlite3DropTable
001b0268 000013ec t sqlite3CreateIndex
001b1654 00000410 t sqlite3AddPrimaryKey
001b1a64 00001228 t sqlite3EndTable
001b2c8c 000002ec t sqlite3CreateView
001b2f78 0000061c t sqlite3FinishTrigger
001b3594 00000214 t openStatTable
001b37a8 000000f0 t analyzeDatabase
001b3898 0000015c t analyzeTable
001b39f4 00000214 t sqlite3Analyze
001b3c08 00000588 t sqlite3AlterRenameTable
001b4190 00000534 t sqlite3AlterFinishAddColumn
001b46c4 0000043c t sqlite3VtabFinishParse
001b4b00 00000404 t sqlite3AlterRenameColumn
001b4f04 00000958 t sqlite3AlterDropColumn
001b585c 00000378 T sqlite3_declare_vtab
001b5bd4 000002b0 t pragmaVtabConnect
001b5e84 000000c0 t jsonEachConnect
001b5f44 000001d0 t renameParseSql
001b6114 00000450 t renameQuotefixFunc
001b6564 00000260 t dropColumnFunc
001b67c4 0000033c t renameTableTest
001b6b00 00000838 t renameTableFunc
001b7338 00000998 t renameColumnFunc
001b7cd0 00000230 t execSql
001b7f00 00000068 t execSqlF
001b7f68 000008b4 t sqlite3RunVacuum
001b881c 000008c4 t attachFunc
001b90e0 00000188 T sqlite3_compileoption_used
001b9268 00000098 t compileoptionusedFunc
001b9300 00000008 T fchown
001b9308 00000008 T geteuid
001b9310 000000e8 T character_db_list
001b93f8 00000480 T character_db_load
001b9878 00000420 T character_db_save
001b9c98 00000030 T character_db_delete
001b9cc8 000000a4 T character_db_save_hp
001b9d6c 000000b8 T character_db_save_status
001b9e24 00000008 t noop_lock
001b9e2c 0000000c t noop_checklock
001b9e38 0000004c t vfs_fullpathname
001b9e84 000000b0 t vfs_xOpen
001b9f34 00000008 t noop_unlock
001b9f3c 00000078 T db_exec
001b9fb4 000001a4 T db_init
001ba158 0000002c T db_close
001ba184 000001b4 T features_db_load
001ba338 000001f8 T features_db_save
001ba530 00000064 T features_db_delete
001ba594 00000078 T features_db_use
001ba60c 000001c0 T attacks_db_load
001ba7cc 00000208 T attacks_db_save
001ba9d4 00000064 T attacks_db_delete
001baa38 00000198 T inventory_db_load
001babd0 000001e8 T inventory_db_save
001badb8 00000030 T inventory_db_delete
001bade8 000000fc T currency_db_load
001baee4 000000cc T currency_db_save
001bafb0 000000a4 T inventory_db_total_weight
001bb054 000001b0 T notes_db_load
001bb204 000001a4 T notes_db_save
001bb3a8 00000030 T notes_db_delete
001bb3d8 0000024c T spells_db_load
001bb624 000002c8 T spells_db_save
001bb8ec 00000064 T spells_db_delete
001bb950 00000078 T spells_db_set_prepared
001bb9c8 000000e0 T spell_slots_db_load
001bbaa8 000000a8 T spell_slots_db_save
001bbb50 000000f4 t std_shift
001bbc44 000000a4 t pb_change
001bbce8 00000178 T step_abilities_init
001bbe60 00000640 T step_abilities_draw_top
001bc4a0 000002ec T step_abilities_draw_bottom
001bc78c 000003f4 T step_abilities_update
001bcb80 00000060 t asi_change
001bcbe0 000001f8 T step_background_init
001bcdd8 000009d0 T step_background_draw_top
001bd7a8 00000434 T step_background_draw_bottom
001bdbdc 000004f0 T step_background_update
001be0cc 00000004 t on_exit
001be0d0 00000030 t draw_top
001be100 00000030 t draw_bottom
001be130 0000009c t update
001be1cc 00000078 t on_enter
001be244 00000024 T builder_next_step
001be268 00000028 T builder_prev_step
001be290 00000094 T builder_final_ability
001be324 0000009c T builder_initial_hp
001be3c0 00000070 T builder_initial_ac
001be430 00000b60 T builder_finish
001bef90 000001ac t refresh_skill_list
001bf13c 000000b4 t toggle_skill
001bf1f0 00000178 T step_class_init
001bf368 00000500 T step_class_draw_top
001bf868 00000110 T step_class_draw_bottom
001bf978 000001a4 T step_class_update
001bfb1c 000000b8 T step_skills_init
001bfbd4 00000294 T step_skills_draw_top
001bfe68 00000150 T step_skills_draw_bottom
001bffb8 000002b0 T step_skills_update
001c0268 00000220 T step_details_init
001c0488 000004c4 T step_details_draw_top
001c094c 000001f4 T step_details_draw_bottom
001c0b40 0000021c T step_details_update
001c0d5c 000000dc t init_subrace_list
001c0e38 00000188 T step_race_init
001c0fc0 0000068c T step_race_draw_top
001c164c 000001dc T step_race_draw_bottom
001c1828 00000318 T step_race_update
001c1b40 00000124 T step_review_init
001c1c64 00000888 T step_review_draw_top
001c24ec 0000037c T step_review_draw_bottom
001c2868 00000128 T step_review_update
001c2990 00000128 t rebuild_attack_filter
001c2ab8 0000024c t refresh_labels
001c2d04 00000090 t edit_attack
001c2d94 00000084 t edit_feature
001c2e18 00000090 t reload_actions
001c2ea8 00000a78 t on_enter
001c3920 00000d68 t draw_bottom
001c4688 0000108c t draw_top
001c5714 00000020 t on_exit
001c5734 00001178 t update.part.0
001c68ac 00000038 t update
001c68e4 0000024c t on_enter
001c6b30 00000004 t on_exit
001c6b34 000002dc t draw_bottom
001c6e10 000002c8 t draw_top
001c70d8 000000ec t do_roll
001c71c4 00000264 t update
001c7428 00000004 t inv_on_exit
001c742c 000000ec t refresh_currency_labels
001c7518 00000168 t refresh_edit_labels
001c7680 00000384 t draw_bottom
001c7a04 00000484 t draw_top
001c7e88 00000120 t reload
001c7fa8 00000750 t update
001c86f8 00000488 t on_enter
001c8b80 00000004 t on_exit
001c8b84 000006fc T draw_top
001c9280 000000e0 t refresh_asi_labels
001c9360 000000b4 t recalc_hp
001c9414 000002c4 t apply_levelup
001c96d8 000003c0 t on_enter
001c9a98 00000354 t update
001c9dec 00000374 T draw_bottom
001ca160 00000004 t on_exit
001ca164 00000120 t draw_bottom
001ca284 000004a4 t draw_top
001ca728 000000cc t load_characters
001ca7f4 00000114 t on_enter
001ca908 000002f8 t update
001cac00 000000a0 T screen_manager_init
001caca0 0000004c T screen_push
001cacec 000000d8 T screen_pop
001cadc4 00000084 T screen_replace
001cae48 00000058 T screen_update
001caea0 0000004c T screen_draw_top
001caeec 0000004c T screen_draw_bottom
001caf38 00000004 t on_exit
001caf3c 0000015c t draw_bottom
001cb098 00000570 t draw_top
001cb608 000000e4 t reload
001cb6ec 00000134 t on_enter
001cb820 000001d4 t update.part.0
001cb9f4 00000038 t update
001cba2c 000000ec t rebuild_filter
001cbb18 00000004 t on_exit
001cbb1c 000000b8 t draw_slot_bar
001cbbd4 00000324 t draw_bottom
001cbef8 00000b20 t draw_top
001cca18 0000016c t rebuild_list
001ccb84 0000027c t rebuild_book_filter
001cce00 0000007c t do_toggle_prepared
001cce7c 00000088 t reload_data
001ccf04 000006c8 t update
001cd5cc 0000048c t on_enter
001cda58 00000030 T ui_text_init
001cda88 00000050 T ui_text_fini
001cdad8 00000010 T ui_text_buf_clear
001cdae8 0000007c T ui_draw_text
001cdb64 0000008c T ui_draw_textf
001cdbf0 00000068 T ui_text_width
001cdc58 00000020 T ui_draw_rect
001cdc78 000000c8 T ui_draw_rect_outline
001cdd40 0000016c T ui_draw_hp_bar
001cdeac 0000006c T ui_draw_panel
001cdf18 00000024 T ui_draw_separator
001cdf3c 000001a8 T ui_button_draw
001ce0e4 00000090 T ui_button_touched
001ce174 00000064 T ui_list_init
001ce1d8 00000068 T ui_list_set_item
001ce240 000002d8 T ui_list_draw
001ce518 0000009c T ui_list_handle_touch
001ce5b4 00000038 T ui_list_scroll
001ce5ec 00000048 T ui_point_in_rect
001ce634 000000b4 T ui_keyboard_input
001ce6e8 000000f0 T ui_keyboard_input_numeric
001ce7d8 00000010 T spellslots_restore_all
001ce7e8 00000010 T dice_init
001ce7f8 0000005c T dice_roll_mod
001ce854 00000054 T dice_roll_advantage
001ce8a8 00000054 T dice_roll_disadvantage
001ce8fc 00000018 T dnd_modifier
001ce914 00000040 T dnd_proficiency_bonus
001ce954 0000001c T dnd_hp_clamp
001ce970 00000050 T srd_prog_get
001ce9c0 000000a0 T srd_prog_spell_slots
001cea60 0000006c T srd_prog_is_asi
001ceacc 00000080 T srd_prog_feats
001ceb4c 00000018 T srd_prog_hp_average
001ceb64 00000010 T srd_prog_hp_max
001ceb74 00000174 T srd_race_asi_summary
001cece8 00000044 t C2Di_FrameEndHook
001ced2c 00000368 T C2D_Init
001cf094 0000004c T C2D_Fini
001cf0e0 000000bc T C2D_Prepare
001cf19c 00000048 T C2D_Flush
001cf1e4 000000fc T C2D_SceneSize
001cf2e0 00000060 T C2D_CreateScreenTarget
001cf340 00000060 T C2D_TargetClear
001cf3a0 00000054 T C2Di_AppendQuad
001cf3f4 00000040 T C2Di_AppendVtx
001cf434 00000738 T C2Di_Update
001cfb6c 00000168 T C2D_DrawRectangle
001cfcd4 00000040 T C2D_FontFree
001cfd14 000000f8 t C2Di_PostLoadFont
001cfe0c 000001b4 T C2D_FontLoadSystem
001cffc0 00000050 T C2D_FontGlyphIndexFromCodePoint
001d0010 00000074 T C2D_FontCalcGlyphPos
001d0084 00000018 t C2Di_GlyphComp
001d009c 00000180 t C2Di_CalcLineWidths
001d021c 000001d0 T C2D_TextBufNew
001d03ec 00000004 T C2D_TextBufDelete
001d03f0 0000000c T C2D_TextBufClear
001d03fc 000001c4 T C2D_TextFontParseLine
001d05c0 000000a4 T C2D_TextFontParse
001d0664 00000030 T C2D_TextOptimize
001d0694 000000e8 T C2D_TextGetDimensions
001d077c 00000fdc T C2D_DrawText
001d1758 00000028 T AttrInfo_Init
001d1780 00000094 T AttrInfo_AddLoader
001d1814 00000054 T C3D_SetAttrInfo
001d1868 00000080 T C3Di_AttrInfoBind
001d18e8 00000004 W C3Di_LightEnvUpdate
001d18ec 00000004 W C3Di_LightEnvDirty
001d18f0 000000b4 t C3Di_AptEventHook
001d19a4 00000004 W C3Di_GasUpdate
001d19a8 000001d0 T C3D_Init
001d1b78 00000098 T C3D_SetViewport
001d1c10 000004e8 T C3Di_UpdateContext
001d20f8 000000e0 T C3Di_SplitFrame
001d21d8 00000044 T C3D_Fini
001d221c 00000194 T C3D_BindProgram
001d23b0 00000024 T BufInfo_Init
001d23d4 00000080 T BufInfo_Add
001d2454 0000003c T C3D_SetBufInfo
001d2490 00000048 T C3Di_BufInfoBind
001d24d8 0000021c T C3D_DrawElements
001d26f4 00000040 T C3D_DepthMap
001d2734 0000001c T C3D_CullFace
001d2750 00000040 T C3D_StencilTest
001d2790 00000024 T C3D_StencilOp
001d27b4 0000001c T C3D_BlendingColor
001d27d0 00000024 T C3D_EarlyDepthTest
001d27f4 0000002c T C3D_DepthTest
001d2820 0000002c T C3D_AlphaTest
001d284c 00000050 T C3D_AlphaBlend
001d289c 00000030 T C3D_FragOpMode
001d28cc 00000044 T C3D_FragOpShadow
001d2910 000001ac T C3Di_EffectBind
001d2abc 0000001c T C3D_CalcColorBufSize
001d2ad8 0000001c T C3D_CalcDepthBufSize
001d2af4 00000044 T C3D_SetFrameBuf
001d2b38 0000016c T C3Di_FrameBufBind
001d2ca4 000000c8 T C3D_FrameBufClear
001d2d6c 00000044 T C3D_FrameBufTransfer
001d2db0 000000a8 T C3D_ImmSendAttrib
001d2e58 00000070 T C3D_ProcTexInit
001d2ec8 00000054 T C3D_ProcTexBind
001d2f1c 0000005c T C3D_ProcTexLutBind
001d2f78 000000a4 T ProcTexLut_FromArray
001d301c 00000178 T C3Di_ProcTexUpdate
001d3194 00000068 T C3Di_ProcTexDirty
001d31fc 0000004c t onVBlank0
001d3248 0000004c t onVBlank1
001d3294 00000080 t C3Di_RenderTargetDestroy
001d3314 000000f4 t onQueueFinish
001d3408 00000038 T C3Di_RenderQueueEnableVBlank
001d3440 00000030 T C3Di_RenderQueueDisableVBlank
001d3470 00000060 T C3Di_RenderQueueInit
001d34d0 000000b4 T C3Di_RenderQueueExit
001d3584 00000034 T C3Di_RenderQueueWaitDone
001d35b8 000000e8 T C3D_FrameBegin
001d36a0 00000048 T C3D_FrameDrawOn
001d36e8 00000058 T C3D_FrameSplit
001d3740 000001d0 T C3D_FrameEnd
001d3910 0000001c T C3D_FrameEndHook
001d392c 00000170 T C3D_RenderTargetCreate
001d3a9c 000000a8 T C3D_RenderTargetSetOutput
001d3b44 00000034 T C3D_GetTexEnv
001d3b78 00000024 T C3Di_TexEnvBind
001d3b9c 00000044 T C3D_TexBind
001d3be0 0000014c T C3Di_SetTex
001d3d2c 00000290 T C3D_UpdateUniforms
001d3fbc 000000c0 T C3Di_DirtyUniforms
001d407c 000000d8 T C3Di_LoadShaderUniforms
001d4154 00000028 T C3Di_ClearShaderUniforms
001d417c 000000cc T Mtx_Ortho
001d4248 000000cc T Mtx_OrthoTilt
001d4314 00000024 t addrMapNodeComparator(rbtree_node const*, rbtree_node const*)
001d4338 00000004 t addrMapNodeDestructor(rbtree_node*)
001d433c 0000012c T linearMemAlign
001d4468 00000008 T linearAlloc
001d4470 0000005c T linearFree
001d44cc 00000088 T MemPool::CoalesceRight(MemBlock*)
001d4554 00000178 T MemPool::Allocate(MemChunk&, unsigned long, int)
001d46cc 00000118 T MemPool::Deallocate(MemChunk const&)
001d47e4 00000030 T MemPool::GetFreeSpace()
001d4814 00000024 t addrMapNodeComparator(rbtree_node const*, rbtree_node const*)
001d4838 00000004 t addrMapNodeDestructor(rbtree_node*)
001d483c 00000248 T vramMemAlignAt
001d4a84 0000000c T vramAlloc
001d4a90 0000000c T vramAllocAt
001d4a9c 00000094 T vramFree
001d4b30 000001c8 T consoleDrawChar
001d4cf8 00000170 T consolePrintChar
001d4e68 00000cc8 T con_write
001d5b30 000000fc t newRow
001d5c2c 00000180 T consoleInit
001d5dac 0000009c T fontEnsureMapped
001d5e48 0000007c T fontFixPointers
001d5ec4 00000100 T fontGlyphIndexFromCodePoint
001d5fc4 00000214 T fontCalcGlyphPos
001d61d8 000000cc t gfxPresentFramebuffer
001d62a4 0000001c T gfxIsWide
001d62c0 000000f8 T gfxSetScreenFormat
001d63b8 00000010 T gfxSetDoubleBuffering
001d63c8 000000d8 T gfxInit
001d64a0 00000010 T gfxInitDefault
001d64b0 000000b8 T gfxExit
001d6568 000000a0 T gfxGetFramebuffer
001d6608 00000100 T gfxFlushBuffers
001d6708 00000028 T gfxScreenSwapBuffers
001d6730 00000050 T gfxSwapBuffersGpu
001d6780 00000074 T osConvertVirtToPhys
001d67f4 00000054 T osGetTimeRef
001d6848 000000ec T osGetTime
001d6934 00000034 T __ctru_speedup_config
001d6968 00000008 t romfs_close
001d6970 000000ac t romfs_seek
001d6a1c 00000024 t romfs_dirreset
001d6a40 000000c0 t fill_dir
001d6b00 000002ac t romfs_dirnext
001d6dac 00000074 t romfs_free
001d6e20 000000d0 t searchForFile.constprop.0
001d6ef0 000000d4 t searchForDir.constprop.0
001d6fc4 000001c0 t navigateToDir.constprop.0
001d7184 00000114 t romfs_open
001d7298 0000004c t romfs_chdir
001d72e4 00000068 t romfs_diropen
001d734c 00000178 t romfs_stat
001d74c4 00000008 t romfs_dirclose
001d74d0 0000007c t romfs_fstat
001d754c 000000d0 t romfs_read
001d761c 00000294 T romfsMountFromFile
001d78b0 000000ac T romfsMountFromTitle
001d795c 000000a0 T romfsUnmount
001d79fc 0000013c T GPUCMD_Add
001d7b38 000000b0 T GPUCMD_Split
001d7be8 00000034 T f32tof16
001d7c1c 00000034 T f32tof24
001d7c50 00000038 T f32tof31
001d7c88 00000010 T GX_BindQueue
001d7c98 0000007c T GX_ProcessCommandList
001d7d14 00000074 T GX_MemoryFill
001d7d88 00000074 T GX_DisplayTransfer
001d7dfc 00000064 t gxCmdQueueDoCommands.part.0
001d7e60 000000e4 T gxCmdQueueInterrupt
001d7f44 00000068 T gxCmdQueueClear
001d7fac 00000108 T gxCmdQueueAdd
001d80b4 00000080 T gxCmdQueueRun
001d8134 00000064 T gxCmdQueueStop
001d8198 000000ac T gxCmdQueueWait
001d8244 000001e0 T shaderInstanceInit
001d8424 00000018 T shaderInstanceGetUniformLocation
001d843c 0000001c T shaderProgramInit
001d8458 00000074 T shaderProgramFree
001d84cc 00000094 T shaderProgramSetVsh
001d8560 000008d0 T shaderProgramConfigure
001d8e30 000001dc t DVLE_GenerateOutmap.part.0
001d900c 000001ac T DVLB_ParseFile
001d91b8 00000050 T DVLB_Free
001d9208 00000074 T DVLE_GetUniformRegister
001d927c 00000180 t aptConvertScreenForCapture
001d93fc 00000008 W aptDspSleep
001d9404 00000004 W aptDspWakeup
001d9408 00000004 W aptDspCancel
001d940c 00000138 T aptSendCommand
001d9548 00000044 t aptExitProcess
001d958c 00000394 T aptExit
001d9920 000000d8 T aptHandleSleep
001d99f8 00000034 T aptHook
001d9a2c 00000030 T aptUnhook
001d9a5c 0000001c T aptSetMessageCallback
001d9a78 00000084 T APT_SleepIfShellClosed
001d9afc 00000078 T aptSetSleepAllowed
001d9b74 00000084 T APT_UnlockTransition
001d9bf8 00000470 t aptEventHandler
001da068 000000bc T APT_ReceiveParameter
001da124 000000b0 t aptReceiveParameter.constprop.0
001da1d8 00000294 t aptScreenTransfer
001da46c 000002d0 t aptWaitForWakeUp.isra.0
001da73c 00000114 T aptLaunchLibraryApplet
001da850 000000f4 T aptJumpToHomeMenu
001da944 00000058 T aptMainLoop
001da99c 00000240 T aptInit
001dabdc 0000005c T APT_SendParameter
001dac38 00000090 T APT_CheckNew3DS
001dacc8 00000048 T APT_GetSharedFont
001dad10 00000038 T CFGU_SecureInfoGetRegion
001dad48 00000104 T fsInit
001dae4c 0000003c T fsExit
001dae88 00000068 T fsExemptFromSession
001daef0 00000050 T fsUnexemptFromSession
001daf40 000000cc T FSUSER_OpenFile
001db00c 000000cc T FSUSER_OpenFileDirectly
001db0d8 000000b8 T FSUSER_DeleteFile
001db190 000000f4 T FSUSER_RenameFile
001db284 000000b8 T FSUSER_DeleteDirectory
001db33c 000000d0 T FSUSER_CreateFile
001db40c 000000c0 T FSUSER_CreateDirectory
001db4cc 000000f4 T FSUSER_RenameDirectory
001db5c0 000000b4 T FSUSER_OpenDirectory
001db674 00000090 T FSUSER_OpenArchive
001db704 0000008c T FSUSER_CloseArchive
001db790 00000074 T FSUSER_GetSdmcArchiveResource
001db804 00000064 T FSUSER_IsSdmcWritable
001db868 00000064 T FSFILE_Read
001db8cc 0000006c T FSFILE_Write
001db938 00000044 T FSFILE_GetSize
001db97c 00000028 T FSFILE_SetSize
001db9a4 0000003c T FSFILE_Close
001db9e0 00000024 T FSFILE_Flush
001dba04 00000060 T FSDIR_Read
001dba64 0000003c T FSDIR_Close
001dbaa0 00000c70 t gspHardwareInit
001dc710 00000288 T gspInit
001dc998 00000104 T gspExit
001dca9c 00000010 T gspHasGpuRight
001dcaac 000000a4 T gspPresentBuffer
001dcb50 00000030 T gspSetEventCallback
001dcb80 00000050 T gspWaitForEvent
001dcbd0 0000004c T gspWaitForAnyEvent
001dcc1c 00000154 t gspEventThreadMain
001dcd70 0000012c T gspSubmitGxCommand
001dce9c 00000050 T GSPGPU_FlushDataCache
001dceec 00000034 T GSPGPU_SetLcdForceBlack
001dcf20 00000084 T GSPGPU_AcquireRight
001dcfa4 00000064 T GSPGPU_ReleaseRight
001dd008 0000007c T GSPGPU_ImportDisplayCaptureInfo
001dd084 0000002c T GSPGPU_SaveVramSysArea
001dd0b0 0000002c T GSPGPU_RestoreVramSysArea
001dd0dc 00000024 W hidShouldUseIrrst
001dd100 000001cc T hidInit
001dd2cc 000000e8 T hidExit
001dd3b4 000002a0 T hidScanInput
001dd654 00000010 T hidKeysHeld
001dd664 00000010 T hidKeysDown
001dd674 00000018 T hidTouchRead
001dd68c 000001a4 T irrstInit
001dd830 000000dc T irrstExit
001dd90c 000000b4 T irrstScanInput
001dd9c0 00000024 T irrstKeysHeld
001dd9e4 00000078 T ptmSysmInit
001dda5c 0000003c T ptmSysmExit
001dda98 00000034 T PTMSYSM_ConfigureNew3DSCPU
001ddacc 0000015c T fcntl
001ddc28 00000190 t swkbdMessageCallback
001dddb8 00000084 T swkbdInit
001dde3c 00000064 T swkbdSetHintText
001ddea0 00000088 T swkbdSetButton
001ddf28 00000008 T swkbdSetInitialText
001ddf30 000003a8 T swkbdInputText
001de2d8 000000e0 t buffer_read
001de3b8 00000164 t iov_memmove
001de51c 00000418 t decompress_lz11
001de934 00000110 T decompressV_LZ11
001dea44 00000074 T rbtree_find
001deab8 00000010 T rbtree_init
001deac8 00000198 t do_insert
001dec60 00000008 T rbtree_insert
001dec68 00000310 T rbtree_remove
001def78 00000090 T rbtree_rotate
001df008 00000140 T decode_utf8
001df148 000000e8 T utf16_to_utf8
001df230 000000c0 T utf8_to_utf16
001df2f0 000001e8 W __system_allocateHeaps
001df4d8 00000038 W __libctru_init
001df510 0000016c W __system_initArgv
001df67c 00000030 T __syscall_getreent
001df6ac 00000064 T __syscall_gettod_r
001df710 00000030 T __syscall_nanosleep
001df740 00000004 T __syscall_lock_acquire
001df744 00000004 T __syscall_lock_release
001df748 00000004 T __syscall_lock_acquire_recursive
001df74c 00000004 T __syscall_lock_release_recursive
001df750 00000004 T __syscall_exit
001df754 00000054 T initThreadVars
001df7a8 00000080 T __system_initSyscalls
001df828 T svcControlMemory
001df848 T svcQueryMemory
001df878 T svcExitProcess
001df880 T svcCreateThread
001df8a0 T svcExitThread
001df8a8 T svcSleepThread
001df8b0 T svcReleaseMutex
001df8b8 T svcCreateEvent
001df8cc T svcSignalEvent
001df8d4 T svcClearEvent
001df8dc T svcCreateMemoryBlock
001df8f4 T svcMapMemoryBlock
001df8fc T svcUnmapMemoryBlock
001df904 T svcCreateAddressArbiter
001df918 T svcArbitrateAddressNoTimeout
001df920 T svcCloseHandle
001df928 T svcWaitSynchronization
001df930 T svcWaitSynchronizationN
001df958 T svcDuplicateHandle
001df96c T svcGetSystemTick
001df974 T svcConnectToPort
001df988 T svcSendSyncRequest
001df990 T svcGetResourceLimit
001df9a4 T svcGetResourceLimitLimitValues
001df9ac T svcGetResourceLimitCurrentValues
001df9b4 T svcBreak
001df9bc T __aeabi_read_tp
001df9c8 W initSystem
001dfa18 W __ctru_exit
001dfa2c 0000008c W envGetHandle
001dfab8 00000050 W envDestroyHandles
001dfb08 00000164 T srvInit
001dfc6c 00000064 T srvExit
001dfcd0 00000060 T srvEnableNotification
001dfd30 000000a0 T srvGetServiceHandleDirect
001dfdd0 00000048 T srvGetServiceHandle
001dfe18 00000034 T srvSubscribe
001dfe4c 00000060 T srvReceiveNotification
001dfeac 00000038 T srvPublishToSubscriber
001dfee4 0000000c T __sync_init
001dfef0 00000018 T __sync_fini
001dff08 00000028 T syncArbitrateAddress
001dff30 000000ac T LightLock_Lock
001dffdc 00000040 T LightLock_Unlock
001e001c 00000054 T RecursiveLock_Lock
001e0070 00000054 T RecursiveLock_Unlock
001e00c4 00000044 T LightEvent_Init
001e0108 000000b8 T LightEvent_Clear
001e01c0 000000dc T LightEvent_Signal
001e029c 00000050 T LightEvent_TryWait
001e02ec 000000ac T LightEvent_Wait
001e0398 000001fc T threadCreate
001e0594 00000038 T threadFree
001e05cc 00000024 T threadJoin
001e05f0 00000030 T threadGetCurrent
001e0620 00000040 T threadExit
001e0660 00000020 t _thread_begin
001e0680 00000090 t mappableFindAddressWithin
001e0710 00000028 T mappableInit
001e0738 0000007c T mappableAlloc
001e07b4 00000004 T mappableFree
001e07b8 0000000c T srvPmGetSessionHandle
001e07c4 0000003c T _net_convert_error
001e0800 00000060 T rbtree_node_next
001e0860 00000054 T decode_utf16
001e08b4 00000054 T encode_utf16
001e0908 000000e0 T encode_utf8
001e09e8 00000030 W __appExit
001e0a18 00000030 W __appInit
001e0a48 00000090 W __libctru_exit
001e0ad8 00000024 t error_cmp
001e0afc 00000050 t archive_translate_error
001e0b4c 000000c0 t archive_seek
001e0c0c 00000078 t _archiveInit.part.0
001e0c84 00000110 t archiveFindDevice.part.0
001e0d94 00000298 t archive_utf16path
001e102c 00000098 t _archiveUnmountDeviceStruct.part.0
001e10c4 00000178 t _archiveMountDevice
001e123c 000000f8 t archive_diropen
001e1334 000000ac t archive_fstat
001e13e0 00000074 t archive_fsync
001e1454 00000074 t archive_close
001e14c8 00000078 t archive_dirclose
001e1540 000000ec t sdmc_statvfs
001e162c 000000f8 t archive_chdir
001e1724 0000008c t archive_ftruncate
001e17b0 000000bc t archive_read
001e186c 000000a8 t archive_unlink
001e1914 000000c0 t archive_rmdir
001e19d4 000000d8 t archive_mkdir
001e1aac 000001a0 t archive_stat
001e1c4c 00000164 t archive_dirnext
001e1db0 0000013c t archive_write
001e1ef0 00000254 t archive_open
001e2144 00000270 t archive_rename
001e23b4 000001c8 T archiveMountSdmc
001e257c 00000054 T archiveUnmountAll
001e25d0 000000c0 T ceilf
001e2690 0000002c T __aeabi_d2lz
001e2690 0000002c T __fixdfdi
001e26c0 00000040 T __aeabi_d2ulz
001e26c0 00000040 T __fixunsdfdi
001e2700 00000130 T __udivmoddi4
001e2830 000000e4 T strncat
001e2914 00000034 T ftell
001e2948 00000028 T fstat
001e2970 0000001c T srand
001e298c 00000044 T rand
001e29d0 00000024 T getenv
001e29f4 00000130 t critical_factorization
001e2b24 0000033c t two_way_long_needle
001e2e60 00000238 T strstr
001e3098 00000128 T memcpy
001e31c0 0000008c T strlen
001e324c 00000334 T _fread_r
001e3580 00000038 T fread
001e35b8 00000078 T bsearch
001e3630 00000040 T open
001e3670 00000134 T _fopen_r
001e37a4 00000028 T fopen
001e37cc 00000008 T atof
001e37d4 00000060 t sulp
001e3838 00001428 T _strtod_l
001e4c60 00000048 T strtod
001e4ca8 00000020 T close
001e4cc8 00000028 T memalign
001e4cf0 00000028 T gettimeofday
001e4d18 000000f4 t rshift
001e4e0c 000008b4 T __gethex
001e56c0 000000a0 T snprintf
001e5760 00000034 T printf
001e5794 000001ec t _strtoul_l.isra.0
001e5980 00000038 T _strtoul_r
001e59b8 0000003c T strtoul
001e59f4 00000140 T strchr
001e5b34 000000d8 T memcmp
001e5c0c 00000028 T calloc
001e5c34 00000048 T access
001e5c7c 00000410 T _strerror_r
001e608c 00000028 T strerror
001e60b4 0000016c T _memalign_r
001e6220 0000000c T __errno
001e622c 00000164 T __smakebuf_r
001e6390 00000090 T __swhatbuf_r
001e6420 00000030 T lseek
001e6450 00000024 T __locale_mb_cur_max
001e6474 000000e4 T memset
001e6558 000000d8 T _calloc_r
001e6630 0000022c T __sflush_r
001e685c 000000c4 T _fflush_r
001e6920 00000088 T _vsnprintf_r
001e69a8 00000038 T vsnprintf
001e69e0 00000028 T realloc
001e6a08 00000080 T strcspn
001e6a88 000008e8 T qsort
001e7370 000001c4 T _ftello_r
001e7534 0000082c T _malloc_r
001e7d60 00000010 T getpid
001e7d70 00000114 T _malloc_trim_r
001e7e84 00000314 T _free_r
001e8198 00000294 T setvbuf
001e842c 0000005c T strspn
001e8488 0000001c t stdio_exit_handler
001e84a4 0000005c t cleanup_stdio
001e8500 00000154 t global_stdio_init.part.0
001e8654 00000138 T __sfp
001e878c 0000005c T __sinit
001e87e8 0000000c T __sfp_lock_acquire
001e87f4 0000000c T __sfp_lock_release
001e8800 0000000c T atoi
001e880c 00000384 t _strtol_l.part.0
001e8b90 0000006c T _strtol_r
001e8bfc 00000074 T strtol
001e8c70 00000084 T __libc_init_array
001e8cf4 000000d4 T strncpy
001e8dc8 0000001c T _fseek_r
001e8de4 00000034 T fseek
001e8e18 00000040 T malloc
001e8e58 00000020 T free
001e8e78 000000e8 T memchr
001e8f60 00000048 T strrchr
001e8fa8 00000030 T write
001e8fd8 000000e0 T _puts_r
001e90b8 00000020 T puts
001e90d8 000000dc T _findenv_r
001e91b4 00000018 T _getenv_r
001e91cc 00000044 T __sread
001e9210 00000008 T __seofread
001e9218 00000068 T __swrite
001e9280 00000040 T __sseek
001e92c0 00000008 T __sclose
001e92c8 000001a8 T memmove
001e9470 000004f0 T _realloc_r
001e9960 0000001c T localtime
001e997c 0000000c T __malloc_lock
001e9988 0000000c T __malloc_unlock
001e9994 00000588 T _fseeko_r
001e9f1c 00000148 T _fclose_r
001ea064 00000020 T fclose
001ea084 00000048 T time
001ea0cc 0000003c T fprintf
001ea108 00000030 T read
001ea138 00000008 T _user_strerror
001ea140 00000004 W __call_exitprocs
001ea144 00000030 T exit
001ea174 000005e0 t get_arg
001ea758 0000345c T _svfprintf_r
001edbb4 000000b8 T __sflags
001edc6c 00000028 T stat
001edc94 000000f8 T __utf8_wctomb
001edd8c 0000003c T __libc_fini_array
001eddc8 0000003c T strnlen
001ede04 0000002c T rewind
001ede30 000000d8 T strncmp
001edf08 00000070 T __match
001edf78 000002a8 T __hexnan
001ee220 00000020 T unlink
001ee240 00000038 t lflush
001ee278 000001a8 T __srefill_r
001ee420 00000010 T nan
001ee430 00000088 T frexp
001ee4b8 0000000c T __env_lock
001ee4c4 0000000c T __env_unlock
001ee4d0 0000005c T __assert_func
001ee52c 00000088 T _Balloc
001ee5b4 0000001c T _Bfree
001ee5d0 000000f4 T __multadd
001ee6c4 0000010c T __s2b
001ee7d0 00000080 T __hi0bits
001ee850 000000f0 T __lo0bits
001ee940 000000a4 T __i2b
001ee9e4 00000230 T __multiply
001eec14 00000130 T __pow5mult
001eed44 00000138 T __lshift
001eee7c 00000058 T __mcmp
001eeed4 00000218 T __mdiff
001ef0ec 00000068 T __ulp
001ef154 000000d4 T __b2d
001ef228 00000120 T __d2b
001ef348 00000078 T __ratio
001ef3c0 0000008c T __copybits
001ef44c 0000005c T __any_on
001ef4a8 00000070 T _fwalk_sglue
001ef518 000005e0 t get_arg
001efaf8 00003554 T _vfprintf_r
001f304c 000000b4 t __sbprintf
001f3100 000000a0 T _wcrtomb_r
001f31a0 000000a4 T __ssprint_r
001f3244 00000340 T __utf8_mbtowc
001f3584 0000003c T fiprintf
001f35c0 000004a4 T __sfvwrite_r
001f3a64 00000014 T abort
001f3a78 000000f0 T strcpy
001f3b68 00000030 T __sprint_r
001f3b98 0000035c T localtime_r
001f3ef4 00000258 T __tzcalc_limits
001f414c 000001c0 t quorem
001f4310 00001420 T _dtoa_r
001f5730 00000010 T _tzset_unlocked
001f5740 00000028 T _wcsrtombs_r
001f5768 00000140 T __swsetup_r
001f58a8 0000000c T __gettzinfo
001f58b4 00000024 T _localeconv_r
001f58d8 0000012c T __ssputs_r
001f5a04 0000025c T gmtime_r
001f5c60 000005e0 t get_arg
001f6240 000022f8 T _vfiprintf_r
001f8538 000000b4 t __sbprintf
001f85ec 00000648 T _tzset_unlocked_r
001f8c34 0000015c T _wcsnrtombs_l
001f8d90 00000064 T _wcsnrtombs_r
001f8df4 0000000c T __tz_lock
001f8e00 0000000c T __tz_unlock
001f8e0c 0000009c T _raise_r
001f8ea8 00000020 T raise
001f8ec8 00000078 T siscanf
001f8f40 00000050 t get_arg
001f8f90 000000e4 T _sungetc_r
001f9074 0000006c T __ssrefill_r
001f90e0 000000b4 T _sfread_r
001f9194 000022c4 T __ssvfiscanf_r
001fb458 00000008 T iswspace
001fb460 00000264 t _strtoull_l.isra.0
001fb6c4 00000038 T _strtoull_r
001fb6fc 000000b8 T __submore
001fb7b4 000000c4 T _mbrtowc_r
001fb878 000000f8 T __sccl
001fb970 0000047c t _strtoll_l.isra.0
001fbdec 00000038 T _strtoll_r
001fbe24 00000038 T iswspace_l
001fbe5c 00000090 T category
001fbeec 00000020 T _exit
001fbf0c 00000140 T chdir
001fc04c 00000090 T getcwd
001fc0dc 000001c8 T _concatenate_path
001fc2a4 00000080 T fchmod
001fc324 0000009c T _fstat_r
001fc3c0 0000008c T ftruncate
001fc44c 00000014 T _getpid_r
001fc460 0000002c T __getreent
001fc48c 00000030 T _gettimeofday_r
001fc4bc 000000a0 T __release_handle
001fc55c 000000b0 T __alloc_handle
001fc60c 00000058 T __get_handle
001fc664 00000110 T _close_r
001fc774 00000008 t null_write
001fc77c 00000018 T setDefaultDevice
001fc794 00000098 T FindDevice
001fc82c 00000024 T RemoveDevice
001fc850 00000088 T AddDevice
001fc8d8 00000020 T GetDeviceOpTab
001fc8f8 00000008 T _isatty_r
001fc900 00000014 T _kill_r
001fc914 00000094 T _lseek_r
001fc9a8 0000007c T lstat
001fca24 00000068 T mkdir
001fca8c 00000040 T nanosleep
001fcacc 000000c0 T _open_r
001fcb8c 00000094 T _read_r
001fcc20 00000084 T readlink_r
001fcca4 00000030 T readlink
001fccd4 0000007c T _rmdir_r
001fcd50 00000020 T rmdir
001fcd70 00000078 W _sbrk_r
001fcde8 00000080 T _stat_r
001fce68 0000001c T __libc_lock_acquire
001fce84 0000001c T __libc_lock_release
001fcea0 0000001c T __libc_lock_acquire_recursive
001fcebc 0000001c T __libc_lock_release_recursive
001fced8 00000078 T _unlink_r
001fcf50 0000007c T utimes
001fcfcc 00000094 T _write_r
001fd060 T _fini
001fe0ec 00000010 r C2Di_FontPaths
001fe1b8 r .LC20
001fe220 r .LC39
001fe24c r .LC49
001fe254 r .LC50
001fe25c r .LC7
001fe264 r .LC9
001fe268 r .LC8
001fe270 r .LC51
001fe278 r .LC52
001fe28c r .LC53
001fe29c r .LC54
001fe2b0 r .LC55
001fe398 r .LC92
001fe4cc r .LC108
001fe6fc r .LC132
001fe950 r .LC12
001fe954 r .LC14
001feee4 r .LC144
001ff988 r .LC352
001ffcb0 r .LC383
001ffcb4 r .LC384
001ffcc8 r .LC387
001ffce0 r .LC389
001ffcec r .LC390
001ffcf8 r .LC391
001ffd00 r .LC392
001ffd08 r .LC393
001ffd10 r .LC394
001ffd14 r .LC395
001ffd3c r .LC400
001ffd48 r .LC401
001ffd4c r .LC402
002004d8 r .LC530
00200a4c r .LC615
00200bac r .LC628
002039d0 r .LC188
002046cc r .LC2
00211610 0000000e r CSWTCH.5334
00211620 0000000c r CSWTCH.4659
0021162c 00000010 r CSWTCH.4641
0021163c 00000010 r aMod.0
0021164c 0000000c r totals.3
00211658 0000000c r delays.4
00211664 00000034 r defaultMethods.6
00211698 00000004 r azOne.7
0021169c 00000004 r lenOne.8
002116a0 00000014 r azType.9
002116b4 00000002 r emptyObject.11
002116b8 00000020 r aSpecial.12
002116d8 0000000c r aMx.14
002116e4 00000020 r defaultMethods.19
00211704 00000003 r aKeyword.22
00211708 00000028 r nullMem.24
00211730 0000000a r aCopy.25
0021173c 0000000a r aLen.26
00211748 00000014 r azTypes.28
0021175c 00000004 r aFlag.29
00211760 00000004 r aFlag.30
00211764 0000000c r aMask.31
00211770 00000009 r or_logic.32
0021177c 00000009 r and_logic.33
00211788 00000010 r azType.34
00211798 000002f8 r azName.35
00211a90 00000010 r encnames.36
00211aa0 00000018 r aTable.37
00211ab8 00000028 r detach_func.38
00211ae0 00000028 r attach_func.41
00211b08 00000010 r azEnc.42
00211b18 00000008 r iValue.43
00211b20 00000019 r zText.44
00211b3c 00000008 r iOffset.45
00211b44 00000008 r iLength.46
00211b4c 00000014 r azModeName.47
00211b60 0000000c r readCookie.48
00211b6c 00000008 r setCookie.49
00211b74 00000048 r encnames.50
00211bbc 0000001c r endCode.51
00211bd8 00000006 r aStdTypeMask.52
00211be0 00000014 r setMeta6.53
00211bf4 00000024 r getCacheSize.54
00211c18 00000014 r autoIncEnd.55
00211c2c 00000022 r zKeyText.56
00211c50 00000015 r aKeyword.57
00211c68 00000002 r aStart.58
00211c6c 00000002 r aStep.59
00211c70 00000004 r aEndOp.60
00211c74 00000008 r aStartOp.61
00211c7c 00000020 r aOp.62
00211c9c 00000002 r ops.63
00211ca0 00000014 r azErr.64
00211cb4 00000014 r aOp.65
00211cc8 00000020 r x.66
00211ce8 0000000a r aVal.67
00211cf4 0000000c r azAlterType.68
00211d00 00000018 r azType.69
00211d18 00000010 r a.70
00211d28 00000008 r tkCoalesce.71
00211d30 00000006 r nullRow.72
00211d38 00000004 r aCode.73
00211d3c 0000000c r az.74
00211d48 0000000a r zAff.75
00211d54 00000003 r aEnc.76
00211d58 00000030 r autoInc.77
00211d88 00000074 r aMsg.79
00211dfc 00000040 r aType.80
00211e3c 00000006 r aMJNeeded.81
00211e44 0000001c r zeroHdr.82
00211e60 00000001 r zerobyte.83
00211e64 00000008 r zFake.84
00211e6c 00000010 r chacha20_init.86
00211e7c 00000009 r zOrd.87
00211e88 00000050 r aNanInfName
00211ed8 00000100 r jsonIsOk
00211fd8 00000005 r jsonSpaces
00211fe0 00000100 r jsonIsSpace
002120e0 00000044 r jsonbType
00212124 00000030 r aHardLimit
00212154 00000008 r sqlite3BuiltinExtensions
0021215c 00000094 r aKWCode
002121f0 00000128 r aKWOffset
00212318 00000094 r aKWLen
002123ac 00000094 r aKWNext
00212440 0000007f r aKWHash
002124c0 0000029a r zKWText
0021275c 00000100 r aiClass
0021285c 00000199 r yyRuleInfoNRhs
002129f8 00000332 r yyRuleInfoLhs
00212d2c 00000176 r yyFallback
00212ea4 0000048e r yy_default
00213334 0000033a r yy_reduce_ofst
00213670 0000048e r yy_shift_ofst
00213b00 000012b4 r yy_lookahead
00214db4 0000113e r yy_action
00215ef4 00000004 r lagName
00215ef8 00000005 r leadName
00215f00 0000000c r first_valueName
00215f0c 0000000a r nth_valueName
00215f18 0000000b r last_valueName
00215f24 00000006 r ntileName
00215f2c 0000000a r cume_distName
00215f38 0000000d r percent_rankName
00215f48 00000005 r rankName
00215f50 0000000b r dense_rankName
00215f5c 0000000b r row_numberName
00215f68 00000064 r pragmaVtabModule
00215fd0 00000400 r aPragmaName
002163d0 000000e4 r pragCName
002164b4 00000010 r hexdigits
002164c4 00000004 r likeInfoAlt
002164c8 00000004 r likeInfoNorm
002164cc 00000004 r globInfo
002164d0 00000028 r statGetFuncdef
002164f8 00000028 r statPushFuncdef
00216520 00000028 r statInitFuncdef
00216548 0000004c r MemJournalMethods
00216594 00000030 r azExplainColNames8
002165c4 00000080 r sqlite3SmallTypeSizes
00216644 00000010 r zMagicHeader
00216654 00000008 r aJournalMagic
0021665c 0000004c r memdb_io_methods
002166a8 00000004 r dotlockIoFinder
002166ac 0000004c r dotlockIoMethods
002166f8 00000004 r nolockIoFinder
002166fc 0000004c r nolockIoMethods
00216748 00000004 r posixIoFinder
0021674c 0000004c r posixIoMethods
00216798 00000040 r sqlite3Utf8Trans1
002167d8 0000008a r fmtinfo
00216864 00000007 r aPrefix
0021686c 00000021 r aDigits
00216890 00000060 r aXformType
002168f0 00000006 r sqlite3StdTypeAffinity
002168f8 00000006 r sqlite3StdTypeLen
00216900 00000007 r sqlite3StrBINARY
00216908 000000be r sqlite3OpcodeProperty
002169c8 00000100 r sqlite3CtypeMap
00216ac8 00000112 r sqlite3UpperToLower
00216bdc 000000a0 r sqlite3azCompileOpt
00216c7c 00000007 R sqlite3_version
00216c88 00000018 r STD_ARRAY
00216ca0 00000020 r PB_COST
00216cc0 00000120 r WPN_TABLE
00216de0 00000070 r STEP_HANDLERS
00216e50 00000024 r ALIGNMENTS
00216e74 0000000c r CSWTCH.144
00216e74 0000000c r CSWTCH.146
00216e80 00000010 r filt_labels.0
00216e90 00000010 r ACT_TYPE_NAME
00216ea0 00000010 r ACT_TYPE_SHORT
00216eb0 00000048 r s_skill_names
00216ef8 0000001c r labels.0
00216f14 0000001c r sides.1
00216f14 0000001c r sides_arr.2
00216f30 00000020 r s_bfilt_label
00216f50 00000020 r s_bfilt_level
00216f70 00000048 R SKILL_ABILITY
00216fb8 00000004 R SPELL_REF_COUNT
00216fbc 00000ca0 R SPELL_REFS
00217c5c 00000004 R SRD_BACKGROUND_COUNT
00217c60 00000180 R SRD_BACKGROUNDS
00217de0 00000004 R SRD_CLASS_COUNT
00217de4 000004e0 R SRD_CLASSES
002182c4 00000048 r SORC_ITEMS_B
0021830c 00000060 r SORC_ITEMS_A
0021836c 00000010 r SORCERER_FEATURES
0021837c 00000018 r SORC_SKILL_OPTS
00218394 00000048 r WARLOCK_ITEMS_B
002183dc 00000060 r WARLOCK_ITEMS_A
0021843c 00000010 r WARLOCK_FEATURES
0021844c 00000018 r WARLOCK_SKILL_OPTS
00218464 00000060 r RANGER_ITEMS_B
002184c4 00000048 r RANGER_ITEMS_A
0021850c 00000010 r RANGER_FEATURES
0021851c 00000020 r RANGER_SKILL_OPTS
0021853c 00000060 r PALADIN_ITEMS_B
0021859c 00000060 r PALADIN_ITEMS_A
002185fc 00000010 r PALADIN_FEATURES
0021860c 00000018 r PALADIN_SKILL_OPTS
00218624 00000048 r MONK_ITEMS_B
0021866c 00000048 r MONK_ITEMS_A
002186b4 00000018 r MONK_FEATURES
002186cc 00000018 r MONK_SKILL_OPTS
002186e4 00000048 r DRUID_ITEMS_B
0021872c 00000048 r DRUID_ITEMS_A
00218774 00000010 r DRUID_FEATURES
00218784 00000020 r DRUID_SKILL_OPTS
002187a4 00000048 r BARBAR_ITEMS_B
002187ec 00000048 r BARBAR_ITEMS_A
00218834 00000010 r BARBAR_FEATURES
00218844 00000018 r BARB_SKILL_OPTS
0021885c 00000060 r CLERIC_ITEMS_B
002188bc 00000060 r CLERIC_ITEMS_A
0021891c 00000010 r CLERIC_FEATURES
0021892c 00000014 r CLERIC_SKILL_OPTS
00218940 00000060 r ROGUE_ITEMS_B
002189a0 00000060 r ROGUE_ITEMS_A
00218a00 00000018 r ROGUE_FEATURES
00218a18 00000030 r ROGUE_SKILL_OPTS
00218a48 00000048 r WIZARD_ITEMS_B
00218a90 00000048 r WIZARD_ITEMS_A
00218ad8 00000010 r WIZARD_FEATURES
00218ae8 00000018 r WIZARD_SKILL_OPTS
00218b00 00000060 r FIGHTER_ITEMS_B
00218b60 00000060 r FIGHTER_ITEMS_A
00218bc0 00000010 r FIGHTER_FEATURES
00218bd0 00000020 r FIGHTER_SKILL_OPTS
00218bf0 00000018 r BARD_ITEMS_B
00218c08 00000060 r BARD_ITEMS_A
00218c68 00000010 r BARD_FEATURES
00218c78 000012f0 R SRD_CLASS_PROG
00219f68 00000010 r SORC_L10
00219f78 00000010 r SORC_L6
00219f88 00000010 r SORC_L3
00219f98 00000010 r SORC_L2
00219fa8 00000010 r WARLOCK_L10
00219fb8 00000010 r WARLOCK_L9
00219fc8 00000010 r WARLOCK_L7
00219fd8 00000010 r WARLOCK_L6
00219fe8 00000010 r WARLOCK_L5
00219ff8 00000010 r WARLOCK_L3
0021a008 00000010 r WARLOCK_L2
0021a018 00000010 r RANGER_L10
0021a028 00000010 r RANGER_L8
0021a038 00000010 r RANGER_L7
0021a048 00000020 r RANGER_L6
0021a068 00000010 r RANGER_L5
0021a078 00000020 r RANGER_L3
0021a098 00000020 r RANGER_L2
0021a0b8 00000010 r PALADIN_L10
0021a0c8 00000010 r PALADIN_L7
0021a0d8 00000010 r PALADIN_L6
0021a0e8 00000010 r PALADIN_L5
0021a0f8 00000020 r PALADIN_L3
0021a118 00000030 r PALADIN_L2
0021a148 00000010 r MONK_L10
0021a158 00000010 r MONK_L9
0021a168 00000020 r MONK_L7
0021a188 00000020 r MONK_L6
0021a1a8 00000020 r MONK_L5
0021a1c8 00000010 r MONK_L4
0021a1d8 00000020 r MONK_L3
0021a1f8 00000020 r MONK_L2
0021a218 00000010 r DRUID_L10
0021a228 00000010 r DRUID_L8
0021a238 00000010 r DRUID_L6
0021a248 00000010 r DRUID_L4
0021a258 00000020 r DRUID_L2
0021a278 00000010 r BARB_L10
0021a288 00000010 r BARB_L9
0021a298 00000010 r BARB_L7
0021a2a8 00000020 r BARB_L5
0021a2c8 00000020 r BARB_L3
0021a2e8 00000020 r BARB_L2
0021a308 00000010 r CLERIC_L10
0021a318 00000010 r CLERIC_L8
0021a328 00000020 r CLERIC_L6
0021a348 00000010 r CLERIC_L5
0021a358 00000010 r CLERIC_L2
0021a368 00000010 r ROGUE_L9
0021a378 00000010 r ROGUE_L7
0021a388 00000010 r ROGUE_L6
0021a398 00000010 r ROGUE_L5
0021a3a8 00000010 r ROGUE_L3
0021a3b8 00000010 r ROGUE_L2
0021a3c8 00000010 r WIZARD_L10
0021a3d8 00000010 r WIZARD_L6
0021a3e8 00000010 r WIZARD_L2
0021a3f8 00000010 r FIGHTER_L10
0021a408 00000010 r FIGHTER_L9
0021a418 00000010 r FIGHTER_L7
0021a428 00000010 r FIGHTER_L5
0021a438 00000010 r FIGHTER_L3
0021a448 00000010 r FIGHTER_L2
0021a458 00000010 r BARD_L20
0021a468 00000010 r BARD_L18
0021a478 00000010 r BARD_L17
0021a488 00000010 r BARD_L15
0021a498 00000020 r BARD_L14
0021a4b8 00000010 r BARD_L13
0021a4c8 00000030 r BARD_L10
0021a4f8 00000010 r BARD_L9
0021a508 00000020 r BARD_L6
0021a528 00000020 r BARD_L5
0021a548 00000020 r BARD_L3
0021a568 00000020 r BARD_L2
0021a588 000002d0 r SLOTS_NONE
0021a858 000002d0 r SLOTS_WARLOCK
0021ab28 000002d0 r SLOTS_HALF
0021adf8 000002d0 r SLOTS_FULL
0021b0c8 00000018 r short_names.0
0021b0e0 00000004 R SRD_RACE_COUNT
0021b0e4 000002a8 R SRD_RACES
0021b38c 00000018 r TIEFLING_TRAITS
0021b3a4 00000020 r HALF_ORC_TRAITS
0021b3c4 00000020 r HALF_ELF_TRAITS
0021b3e4 00000050 r GNOME_SUBRACES
0021b434 00000010 r ROCK_GNOME_TRAITS
0021b444 00000010 r FOREST_GNOME_TRAITS
0021b454 00000010 r GNOME_TRAITS
0021b464 00000010 r DRAGONBORN_TRAITS
0021b474 00000050 r HALFLING_SUBRACES
0021b4c4 00000008 r STOUT_TRAITS
0021b4cc 00000008 r LIGHTFOOT_TRAITS
0021b4d4 00000018 r HALFLING_TRAITS
0021b4ec 00000050 r DWARF_SUBRACES
0021b53c 00000008 r MOUN_DWARF_TRAITS
0021b544 00000008 r HILL_DWARF_TRAITS
0021b54c 00000028 r DWARF_TRAITS
0021b574 00000078 r ELF_SUBRACES
0021b5ec 00000018 r DROW_TRAITS
0021b604 00000010 r WOOD_ELF_TRAITS
0021b614 00000010 r HIGH_ELF_TRAITS
0021b624 00000020 r ELF_TRAITS
0021b644 00000008 r HUMAN_TRAITS
0021b64c 00000018 r AARAKOCRA_TRAITS
0021b664 R render2d_shbin
0021b7f0 00000004 r depthFmtSizes
0021b7f0 R render2d_shbin_end
0021b7f4 00000005 r colorFmtSizes
0021b7fc 00000010 r CSWTCH.11
0021ba50 00000080 r dotab_stdout
0021bad0 00000018 r grayScale
0021bae8 00000006 r colorCube
0021baf0 00000030 r colorTable
0021bb20 00000080 r romFS_devoptab
0021bbc8 00000008 r morton_y.2
0021bbd0 00000008 r morton_x.3
0021bbd8 00000008 r s_sleepWakeEvents.4
0021bbe0 0000000c r serviceNameTable.5
0021bbec R default_font_bin
0021c3ec R default_font_bin_end
0021c3ec 0000004d r _net_error_code_map
0021c43c 00000030 r error_table
0021c46c 00000080 r archive_devoptab
0021c550 00000014 r fpinan.0
0021c564 00000014 r fpi.1
0021c578 00000028 r tinytens
0021c5a0 00000100 R __hexdig
0021c858 00000010 r zeroes.0
0021c868 00000010 r blanks.1
0021c878 00000101 R _ctype_
0021c97c 0000000c r p05.0
0021c988 00000028 R __mprec_bigtens
0021c9b0 000000c8 R __mprec_tens
0021cb64 00000010 r zeroes.0
0021cb74 00000010 r blanks.1
0021cb84 0000006c R __action_table
0021cbf0 0000006c R __state_table
0021cc5c 00000100 R __chclass
0021ce50 00000010 r zeroes.0
0021ce60 00000010 r blanks.1
0021ce70 00000060 R __month_lengths
0021cf50 00000022 r basefix.0
0021cf74 000037f8 r categories
0022076c 00000080 R dotab_stdnull
002207ec R __tdata_align
002207f0 r __EH_FRAME_BEGIN__
002207f0 R __exidx_end
002207f0 R __exidx_start
00221000 00000550 d aJsonFunc.13
00221550 00000190 d aDateTimeFuncs.15
002216e0 00000258 d aWindowFuncs.16
00221938 000000c8 d aAlterTableFuncs.17
00221a00 00000af0 d aBuiltinFunc.18
002224f0 00000028 d aOpenMode.39
00222518 00000018 d aCacheMode.40
00222530 00000160 d aVfs.85
00222690 00000064 d jsonTreeModule
002226f4 00000064 d jsonEachModule
00222758 00000058 d memdb_vfs
002227b0 00000018 d azTempDirs
002227c8 0000015c d aSyscall
00222924 00000018 d sqlite3StdType
0022293c 00000004 d sqlite3PendingByte
00222940 00000118 d sqlite3Config
00222a58 00000018 D g_screen_builder
00222a70 00000004 d s_align_idx
00222a74 00000018 D g_screen_character
00222a8c 00000004 d s_act_filter
00222a90 00000018 D g_screen_dice
00222aa8 00000004 d s_count
00222aac 00000004 d s_last_sides
00222ab0 00000018 D g_screen_inventory
00222ac8 00000004 d s_edit_idx
00222acc 00000018 D g_screen_levelup
00222ae4 00000004 d s_asi_sel2
00222ae8 00000004 d s_asi_sel1
00222aec 00000004 d s_new_level
00222af0 00000018 D g_screen_main_menu
00222b08 00000004 d s_stack_top
00222b0c 00000018 D g_screen_notes
00222b24 00000018 D g_screen_spells
00222b3c 00000004 d s_book_level
00222b40 00000018 D ABILITY_SHORT
00222b58 00000018 D ABILITY_NAMES
00222b70 00000048 D SKILL_NAMES
00222bb8 00000018 D ITEM_CAT_NAMES
00222bd0 00000014 D NOTE_CAT_NAMES
00222be4 00000008 d framerateCounter
00222bec 00000004 d framerate
00222bf0 00000001 d firstConsoleInit.0
00222bf4 00000004 D currentConsole
00222bf8 00000048 D defaultConsole
00222c40 00000004 d queueLock
00222c44 00000004 d aptChainloadDeliverArgSize
00222c48 00000004 d kCount
00222c4c 00000004 d kInterval
00222c50 00000004 d kDelay
00222c54 W __stacksize__
00222c58 00000004 D _impure_ptr
00222c60 00000200 D _impure_data
00222e60 00000254 D __global_locale
002230b4 00000004 D __malloc_sbrk_base
002230b8 00000004 D __malloc_trim_threshold
002230c0 00000408 D __malloc_av_
002234c8 0000000c D __sglue
002234d4 00000004 D environ
002234d8 00000058 d tzinfo
00223530 00000008 D _tzname
00223538 00000400 d _current_working_directory
00223938 00001000 d handles
00224938 0000000c d __stderr_handle
00224944 0000000c d __stdout_handle
00224950 0000000c d __stdin_handle
0022495c 0000008c D devoptab_list
002249e8 00000004 d defaultDevice
002249f4 d _GLOBAL_OFFSET_TABLE_
00224a00 d __frame_dummy_init_array_entry
00224a00 D __init_array_start
00224a00 B __preinit_array_end
00224a00 B __preinit_array_start
00224a00 D __tdata_lma
00224a00 D __tdata_lma_end
00224a04 d __do_global_dtors_aux_fini_array_entry
00224a04 D __fini_array_start
00224a04 D __init_array_end
00224a08 D __bss_start__
00224a08 000005a8 B __C2Di_Context
00224a08 D __fini_array_end
00224fb0 00000040 b s_projTop
00224ff0 00000040 b s_projBot
00225030 00000004 b uLoc_mdlvMtx
00225034 00000004 b uLoc_projMtx
00225038 00000004 b s_glyphSheets
0022503c 00000004 b s_textScale
00225040 b completed.1
00225044 b object.0
0022505c 00000001 b aNull.10
0022505d 00000001 b fakeCursor.27
00225060 00000014 b dummy.78
00225074 00000010 b nullElement.88
00225084 00000008 b sqlite3Autoext
0022508c 00000004 b sqlite3SharedCacheList
00225090 00000064 b pcache1_g
002250f4 00000008 b memdb_g
002250fc 00000004 b inodeList
00225100 00000004 b randomnessPid
00225108 00000084 b sqlite3Prng
00225190 00000020 b mem0
002251b0 00000008 b sqlite3Hooks
002251b8 00000004 b vfsList
002251bc 00000050 b sqlite3Stat
0022520c 0000005c b sqlite3BuiltinFunctions
00225268 00000004 B sqlite3_temp_directory
0022526c 00000004 b s_base_xOpen
00225270 00000004 b s_io_patched
00225278 0000004c b s_io_3ds
002252c4 00000058 b s_vfs_3ds
0022531c 00000100 B g_db_last_error
0022541c 00000004 B g_db
00225420 00000020 b s_btn_back
00225440 00000020 b s_btn_next
00225460 00000020 b s_btn_man
00225480 00000020 b s_btn_pb
002254a0 00000020 b s_btn_std
002254c0 00000004 b s_cursor
002254c4 00000004 b s_asi_cursor
002254c8 00000004 b s_asi_mode
002254d0 00000020 b s_btn_back
002254f0 00000020 b s_btn_next
00225510 00002120 b s_list
00227630 00000118 B g_builder
00227748 00000020 b s_btn_skills_back
00227768 00000020 b s_btn_skills_next
00227788 00002120 b s_skill_list
002298a8 00000020 b s_btn_back
002298c8 00000020 b s_btn_next
002298e8 00002120 b s_class_list
0022ba08 00002120 b s_align_list
0022db28 00000020 b s_btn_back
0022db48 00000020 b s_btn_next
0022db68 00000020 b s_btn_name
0022db88 00000004 b s_cursor
0022db8c 00002120 b s_subrace_list
0022fcac 00000004 b s_show_subrace
0022fcb0 00000020 b s_btn_back
0022fcd0 00000020 b s_btn_next
0022fcf0 00002120 b s_list
00231e10 00000020 b s_btn_equip_b
00231e30 00000020 b s_btn_equip_a
00231e50 00000020 b s_btn_back
00231e70 00000020 b s_btn_confirm
00231e90 00000020 b s_btn_act_del
00231eb0 00000020 b s_btn_act_edit
00231ed0 00000020 b s_btn_act_add
00231ef0 00000080 b s_btn_act_filt
00231f70 00000020 b s_btn_act_feat
00231f90 00000020 b s_btn_act_atk
00231fb0 00000020 b s_btn_backstory
00231fd0 00000020 b s_btn_flaws
00231ff0 00000020 b s_btn_bonds
00232010 00000020 b s_btn_ideals
00232030 00000020 b s_btn_traits
00232050 00000020 b s_btn_xp_edit
00232070 00000020 b s_btn_align_edit
00232090 00000020 b s_btn_name_edit
002320b0 00000010 b s_lbl_xp_btn
002320c0 00000018 b s_lbl_align_btn
002320d8 00000018 b s_lbl_name_btn
002320f0 00000020 b s_btn_levelup
00232110 00000020 b s_btn_bg
00232130 00000020 b s_btn_race
00232150 00000020 b s_btn_class
00232170 00000020 b s_btn_lv
00232190 00000020 b s_btn_spd
002321b0 00000020 b s_btn_ac
002321d0 00000020 b s_btn_maxhp
002321f0 000000c0 b s_btn_sv
002322b0 000000c0 b s_btn_ab
00232370 00000014 b s_lbl_bg
00232384 00000014 b s_lbl_race
00232398 00000014 b s_lbl_class
002323ac 0000000a b s_lbl_lv
002323b8 0000000a b s_lbl_spd
002323c4 0000000a b s_lbl_ac
002323d0 0000000c b s_lbl_maxhp
002323dc 00000030 b s_lbl_sv
0023240c 00000048 b s_lbl_ab
00232458 00000020 b s_btn_back
00232478 00000020 b s_btn_nav_dice
00232498 00000020 b s_btn_nav_notes
002324b8 00000020 b s_btn_nav_spell
002324d8 00000020 b s_btn_nav_inv
002324f8 00000020 b s_btn_death_fail
00232518 00000020 b s_btn_death_suc
00232538 00000020 b s_btn_inspiration
00232558 00000020 b s_btn_edit_hp
00232578 00000020 b s_btn_hp_plus
00232598 00000020 b s_btn_hp_minus
002325b8 00000080 b s_btn_tab
00232638 00000004 b s_act_scroll
0023263c 00000004 b s_act_cursor
00232640 00000001 b s_act_sub
00232644 00000004 b s_filt_attack_count
00232648 00000040 b s_filt_attacks
00232688 00000004 b s_feature_count
0023268c 00003000 b s_features
0023568c 00000004 b s_attack_count
00235690 000011c0 b s_attacks
00236850 00000004 b s_skill_cursor
00236854 00000001 b s_tab
00236858 00000004 b s_loaded
0023685c 00000824 b s_char
00237080 00000020 b s_btn_cnt_minus
002370a0 00000020 b s_btn_cnt_plus
002370c0 00000020 b s_btn_mod_minus
002370e0 00000020 b s_btn_mod_plus
00237100 00000020 b s_btn_dis
00237120 00000020 b s_btn_adv
00237140 00000020 b s_btn_back
00237160 000000e0 b s_btn_dice
00237240 00000004 b s_history_top
00237244 00000180 b s_history_labels
002373c4 00000004 b s_modifier
002373c8 00000004 b s_last_result
002373d0 00000020 b s_btn_edone
002373f0 00000020 b s_btn_edesc
00237410 00000020 b s_btn_eequip
00237430 00000020 b s_btn_ec
00237450 00000020 b s_btn_ev
00237470 00000020 b s_btn_ew
00237490 00000020 b s_btn_eq
002374b0 00000020 b s_btn_en
002374d0 00000018 b s_lbl_ec
002374e8 00000014 b s_lbl_ev
002374fc 00000014 b s_lbl_ew
00237510 00000010 b s_lbl_eq
00237520 00000040 b s_lbl_en
00237560 00000020 b s_btn_cur_pp
00237580 00000020 b s_btn_cur_gp
002375a0 00000020 b s_btn_cur_ep
002375c0 00000020 b s_btn_cur_sp
002375e0 00000020 b s_btn_cur_cp
00237600 0000000c b s_lbl_pp
0023760c 0000000c b s_lbl_gp
00237618 0000000c b s_lbl_ep
00237624 0000000c b s_lbl_sp
00237630 0000000c b s_lbl_cp
00237640 00000020 b s_btn_toggle_equip
00237660 00000020 b s_btn_edit_open
00237680 00000020 b s_btn_delete
002376a0 00000020 b s_btn_add
002376c0 00000020 b s_btn_back
002376e0 00000001 b s_mode
002376e4 00000004 b s_total_weight
002376e8 00002120 b s_list
00239808 00000018 b s_currency
00239820 00000004 b s_item_count
00239824 00014e00 b s_items
0024e624 00000060 b s_lbl_asi
0024e688 00000020 b s_btn_cancel
0024e6a8 00000020 b s_btn_confirm
0024e6c8 000000c0 b s_btn_asi_ab
0024e788 00000020 b s_btn_asi_mode
0024e7a8 00000020 b s_btn_hp_max
0024e7c8 00000020 b s_btn_hp_avg
0024e7e8 00000004 b s_has_slots
0024e7ec 0000004c b s_spell_slots
0024e838 00000024 b s_new_slots
0024e85c 00000040 b s_class_id
0024e89c 00000004 b s_feat_scroll
0024e8a0 00000004 b s_new_feat_cnt
0024e8a4 00000004 b s_new_feats
0024e8a8 00000004 b s_asi_mode
0024e8ac 00000004 b s_asi_avail
0024e8b0 00000004 b s_hp_gain
0024e8b4 00000004 b s_hp_choice
0024e8b8 00000004 b s_loaded
0024e8c0 00000824 b s_char
0024f0e4 00002120 b s_char_list
00251208 00000020 b s_btn_delete
00251228 00000020 b s_btn_new
00251248 00000004 b s_preview_loaded
0025124c 00000824 b s_char_preview
00251a70 00000004 b s_char_count
00251a74 00000200 b s_char_names
00251c74 00000020 b s_char_ids
00251c94 00000008 b s_stack
00251ca0 00000020 b s_screens
00251cc0 00000004 B g_active_char_id
00251cc8 00000020 b s_btn_view
00251ce8 00000020 b s_btn_delete
00251d08 00000020 b s_btn_add
00251d28 00000020 b s_btn_back
00251d48 00000004 b s_view_mode
00251d4c 00002120 b s_list
00253e6c 00000004 b s_note_count
00253e70 00011280 b s_notes
002650f0 00000120 b s_btn_slot_max
00265210 00000120 b s_btn_slot_plus
00265330 00000120 b s_btn_slot_minus
00265450 00000020 b s_btn_long_rest
00265470 00000020 b s_btn_delete
00265490 00000020 b s_btn_prepare
002654b0 00000020 b s_btn_add
002654d0 00000020 b s_btn_back
002654f0 00000080 b s_btn_tab
00265570 00000020 b s_btn_book_action
00265590 00000100 b s_btn_book_filt
00265690 00002120 b s_book_list
002677b0 00000004 b s_book_filt_count
002677b4 00000100 b s_book_filt
002678b8 00002120 b s_list
002699d8 00000004 b s_filt_count
002699dc 00000100 b s_filt
00269adc 00000004 b s_tab
00269ae0 0000004c b s_slots
00269b2c 00000004 b s_spell_count
00269b30 0000f600 b s_spells
00279130 00000004 B g_text_buf
00279134 00000004 B g_font
00279138 00000004 B g_target_bottom
0027913c 00000004 B g_target_top
00279140 0000000c b hookCookie
00279150 000002d0 B __C3D_Context
00279420 00000004 b frameEndCbData
00279424 00000004 b frameEndCb
00279428 00000008 b frameCounter
00279430 00000001 b isTopStereo
00279431 00000001 b needSwapBot
00279432 00000001 b needSwapTop
00279433 00000001 b measureGpuTime
00279434 00000001 b inSafeTransfer
00279435 00000001 b inFrame
00279438 00000010 b cpuTime
00279448 00000010 b gpuTime
00279458 0000000c b linkedTarget
00279464 00000004 b lastTarget
00279468 00000004 b firstTarget
0027946c 00000008 b C3Di_IVUnifEverDirty
00279474 000000c0 b C3Di_FVUnifEverDirty
00279534 00000018 b C3Di_ShaderFVecData
0027954c 00000002 B C3D_BoolUnifsDirty
00279550 00000008 B C3D_IVUnifDirty
00279558 000000c0 B C3D_FVUnifDirty
00279618 00000004 B C3D_BoolUnifs
0027961c 00000020 B C3D_IVUnif
0027963c 00000c00 B C3D_FVUnif
0027a240 00000008 b sLinearPool
0027a248 0000000c b sAddrMap
0027a258 00000008 b sVramPoolB
0027a260 00000008 b sVramPoolA
0027a268 0000000c b sAddrMap
0027a274 00000064 b escapeSeq
0027a2d8 00000048 B currentCopy
0027a320 00000004 b sharedFontAddr
0027a324 00000004 B g_sharedFont
0027a328 00000004 b screenAlloc
0027a32c 00000004 b screenFree
0027a330 00000002 b gfxIsDoubleBuf
0027a334 00000002 b gfxCurBuf
0027a336 00000001 b gfxIsVram
0027a337 00000001 b gfxTopMode
0027a338 00000002 b gfxFramebufferFormats
0027a33c 00000004 b gfxBottomFramebufferMaxSize
0027a340 00000004 b gfxTopFramebufferMaxSize
0027a348 00000008 b gfxBottomFramebuffers
0027a350 00000008 b gfxTopFramebuffers
0027a358 00000001 V __ctru_speedup
0027a35c 00000004 b romfs_mount_list
0027a360 00000004 B gpuCmdBufOffset
0027a364 00000004 B gpuCmdBufSize
0027a368 00000004 B gpuCmdBuf
0027a36c 00000004 b boundQueue
0027a370 00000001 b shouldStop
0027a371 00000001 b isRunning
0027a372 00000001 b isActive
0027a374 00000004 b curQueue
0027a378 00000001 b flagValue.0
0027a379 00000001 b flagInit.1
0027a37c 00000004 b serviceName.6
0027a380 00000001 b aptChainloadFlags
0027a381 00000001 b aptChainloadMediatype
0027a384 00000020 b aptChainloadHmac
0027a3a4 00000300 b aptChainloadDeliverArg
0027a6a8 00000008 b aptChainloadTid
0027a6b0 00001000 b aptParameters
0027b6b0 00000004 b aptFlags
0027b6b4 00000001 b aptHomeButtonState
0027b6b8 00000004 b aptMessageFuncData
0027b6bc 00000004 b aptMessageFunc
0027b6c0 0000000c b aptFirstHook
0027b6cc 00000001 b aptEventHandlerThreadQuit
0027b6d0 00000004 b aptEventHandlerThread
0027b6d4 00000008 b aptSleepEvent
0027b6dc 00000008 b aptReceiveEvent
0027b6e4 00000008 b aptEvents
0027b6ec 00000004 b aptLockHandle
0027b6f0 00000004 b aptRefCount
0027b6f4 00000004 b cfguHandle
0027b6f8 00000080 b fsExemptArchives
0027b778 00000004 b fsuRefCount
0027b77c 00000004 b fsuHandle
0027b780 00000007 b gspEventCbOneShot
0027b788 0000001c b gspEventCbData
0027b7a4 0000001c b gspEventCb
0027b7c0 00000038 b gspEvents
0027b7f8 00000004 b gspLastEvent
0027b7fc 00000001 b gspRunEvents
0027b800 00000004 b gspEventThread
0027b804 00000004 b gspEvent
0027b808 00000001 b gspGpuRight
0027b809 00000001 b gspThreadId
0027b80c 00000004 b gspSharedMem
0027b810 00000004 b gspSharedMemHandle
0027b814 00000004 b gspRefCount
0027b818 00000004 b gspGpuHandle
0027b81c 00000001 b usingIrrst
0027b820 00000004 b hidRefCount
0027b824 00000006 b gRate
0027b82c 00000006 b aVec
0027b834 00000004 b cPos
0027b838 00000004 b tPos
0027b83c 00000004 b kRepeat
0027b840 00000004 b kUp
0027b844 00000004 b kDown
0027b848 00000004 b kHeld
0027b84c 00000004 b kOld
0027b850 00000004 B hidSharedMem
0027b854 00000014 B hidEvents
0027b868 00000004 B hidMemHandle
0027b86c 00000004 B hidHandle
0027b870 00000004 b irrstRefCount
0027b874 00000004 b csPos
0027b878 00000004 b kHeld
0027b87c 00000004 B irrstSharedMem
0027b880 00000004 B irrstEvent
0027b884 00000004 B irrstMemHandle
0027b888 00000004 B irrstHandle
0027b88c 00000004 b ptmSysmRefCount
0027b890 00000004 b ptmSysmHandle
0027b894 00000004 b swkbdSharedMemHandle
0027b898 00000004 b swkbdSharedMem
0027b89c 00000004 V __ctru_linear_heap_size
0027b8a0 00000004 V __ctru_heap_size
0027b8a4 00000004 B __ctru_linear_heap
0027b8a8 00000004 B __ctru_heap
0027b8ac 00000004 B __system_retAddr
0027b8b0 00000004 B __system_argv
0027b8b4 00000004 B __system_argc
0027b8b8 b saved_stack
0027b8c0 00000004 B __3dslink_host
0027b8c4 00000004 b srvRefCount
0027b8c8 00000004 b srvHandle
0027b8cc 00000004 b arbiter
0027b8d0 00000004 b currentAddr
0027b8d4 00000004 b maxAddr
0027b8d8 00000004 b minAddr
0027b8dc 00000004 b srvPmHandle
0027b8e0 00000004 B SOCU_handle
0027b8e8 000005c0 b archive_devices
0027bea8 00000004 b archive_device_cwd
0027beac 00000001 b archive_initialized
0027beb0 00000028 B __malloc_current_mallinfo
0027bed8 00000004 B __malloc_max_total_mem
0027bedc 00000004 B __malloc_max_sbrked_mem
0027bee0 00000004 B __malloc_top_pad
0027bee4 0000000c b __sfp_recursive_mutex
0027bef0 00000168 B __sf
0027c058 00000004 B __stdio_exit_handler
0027c05c 0000000c b __malloc_recursive_mutex
0027c068 0000000c b __env_recursive_mutex
0027c074 00000004 b initial_env
0027c078 00000004 b prev_tzenv
0027c07c 0000000c b __tzname_dst
0027c088 0000000c b __tzname_std
0027c094 00000004 B _timezone
0027c098 00000004 B _daylight
0027c09c 00000004 b __tz_mutex
0027c0a0 00000400 b temp_cwd
0027c4a0 00000004 b __hndl_lock
0027c4a4 00000004 B fake_heap_start
0027c4a8 00000004 B fake_heap_end
0027c4ac 00000004 b heap_start.0
0027c4b0 B __tls_start
0027d0b8 B __bss_end__
0027d0b8 A __end__
0027d0b8 B __tls_end
